ident,iata_code
03N,UTK
07FA,OCA
0AK,PQS
0CO2,CSE
0TE7,JCY
13MA,PMX
13Z,WLR
16A,NUP
16K,PTC
19AK,ICY
19P,PPV
1KC,KKK
1O6,MHS
1XA2,NIR
1Z1,GCT
1Z9,ELW
2AK,LVD
2AK6,HGZ
2IG4,OTN
2K5,TLF
2TE0,BZT
2Z1,HBH
2Z6,FAK
38WA,BYW
3AK5,DRF
3IS8,BDF
3VS,VRS
3Z8,GDH
4A2,ATT
4AK,LIV
4K0,PDB
4K5,KOZ
4KA,TNK
4TE8,EVA
4Z7,WHD
57A,TKI
5A8,WKK
5KE,WFB
5NK,NNK
5Z9,BKF
65LA,BCS
6CA3,SPQ
6N5,TSS
6N7,QNY
6OK6,BWL
78K,WYB
78WA,CWS
7KA,TEK
7NC2,DUF
7WA5,SSW
82CL,FOB
83Q,PUL
84CL,CCD
84K,WMK
89NY,AXB
8XS8,REE
90WA,WDN
96Z,WWP
9A3,CHU
9A8,UGS
9B1,MXG
9N2,PSQ
9Z8,KLL
A23,SGW
A61,WTL
A63,TWA
A79,KCQ
AAD,AAD
ABP,ABP
ABW,ABW
AD-ALV,ALV
ADC,ADC
ADV,ADV
AE-0006,DJH
AEE,AEE
AEI,AEI
AEK,AEK
AEQ,AEQ
AF10,URZ
AF11,OLR
AFK,AFK
AFR,AFR
AGAF,AFT
AGAR,RNA
AGAT,ATD
AGBA,VEV
AGEV,GEF
AGG,AGG
AGGA,AKS
AGGB,BNY
AGGC,CHY
AGGE,BAS
AGGF,FRE
AGGH,HIR
AGGI,MBU
AGGJ,AVU
AGGK,IRA
AGGL,SCZ
AGGM,MUA
AGGN,GZO
AGGO,MNY
AGGP,PRS
AGGQ,OTV
AGGR,RNL
AGGS,EGM
AGGT,NNB
AGGU,RUS
AGGV,VAO
AGGY,XYA
AGK,AGK
AGKG,KGE
AGKU,KUE
AGKW,KWS
AGL,AGL
AGNA,NAZ
AGRC,RIN
AGRM,RBV
AGTI,TLG
AGY,AGY
AHJ,AHJ
AHT,AHT
AHY,AHY
AIE,AIE
AIH,AIH
AIP,AIC
AK13,CEX
AK26,SOL
AK33,HED
AK49,TWE
AK56,KTH
AK62,NKI
AK71,LNI
AK75,CDL
AK81,AOS
AK96,BSZ
AK97,BSW
AKM,AKM
AL73,TGE
ALZ,ALZ
AMC,PPE
AME,AME
AMF,AMF
AMU,AMU
AMY,AMY
ANH,ANH
ANYN,INU
ANZ,ANZ
AO-0005,ANL
AO-CNZ,CNZ
AO-DRC,DRC
AO-GGC,GGC
AO-JMB,JMB
AO-KNP,KNP
AO-NDF,NDF
AOA,AOA
AOB,AOB
AOD,AOD
APP,APP
APR,APR
AQY,AQY
AR-0005,QRF
AR-0007,CVI
AR-0009,CNT
AR-0010,VGS
AR-0011,LMD
AR-0015,SZQ
AR-0017,VCF
AR-0346,NCJ
AR-0390,CPG
AR-0462,PRQ
AR-0494,OLN
ARP,ARP
ARX,ARX
AS-TAV,TAV
ASZ,ASZ
ATN,ATN
ATP,ATP
AU-0081,LYT
AU-AGW,AGW
AU-AYD,AYD
AU-BYX,BYX
AU-COB,COB
AU-CRJ,CRJ
AU-CRY,CRY
AU-CSD,CSD
AU-DYM,DYM
AU-HIS,HIS
AU-HLV,HLV
AU-KBD,KBD
AU-KGR,KGR
AU-MWY,MWY
AU-MYO,MYO
AU-OKB,OKB
AU-PEP,PEP
AU-RDA,RDA
AU-SSK,SSK
AU-SWB,SWB
AU-TPR,TPR
AU-TWP,TWP
AU-ZVG,ZVG
AUI,AUI
AUJ,AUJ
AUP,AUP
AUS,AUS
AUV,AUV
AWE,AWE
AWR,AWR
AXF,AXF
AYAQ,KPM
AYBK,BUA
AYBR,BRP
AYCH,CMU
AYDK,MDM
AYDL,KPF
AYDN,DNU
AYDO,DOI
AYDU,DAU
AYEB,EMS
AYED,XYR
AYEL,EPT
AYEN,EGA
AYEO,EMO
AYER,ERU
AYES,MFZ
AYFE,FRQ
AYFR,FAQ
AYFU,FUM
AYGA,GKA
AYGF,GUG
AYGG,GRL
AYGN,GUR
AYGP,GAP
AYGR,PNP
AYGS,GBC
AYHB,HBD
AYHE,HNI
AYHH,HNN
AYHK,HKN
AYHO,HIT
AYII,IMN
AYIM,KGM
AYIO,IMD
AYIU,IAL
AYIX,WIU
AYJO,KGH
AYKA,LSA
AYKG,KPA
AYKI,UNG
AYKJ,KNE
AYKK,KRI
AYKM,KMA
AYKR,KRX
AYKT,KIE
AYKU,KUQ
AYKV,KVG
AYKY,LNV
AYLB,LAB
AYLO,LWI
AYLP,LPN
AYLS,LNG
AYLX,LSJ
AYM,AYM
AYMA,MRM
AYMB,OBM
AYMD,MAG
AYMH,HGU
AYML,GUV
AYMN,MDU
AYMO,MAS
AYMR,MXH
AYMS,MIS
AYMW,MWG
AYNA,NKN
AYNE,GBF
AYNG,MFO
AYNM,KSB
AYNO,NMN
AYNY,NBA
AYNZ,LAE
AYOE,KGB
AYOJ,OKP
AYOK,HOC
AYOQ,KCJ
AYOW,KDE
AYOY,OPB
AYPC,PGB
AYPG,PGN
AYPO,MPF
AYPQ,PMN
AYPY,POM
AYQO,SPH
AYQS,SXA
AYRG,RMN
AYRI,KMR
AYRM,MWI
AYRV,MRH
AYSA,SBE
AYSE,NIS
AYSG,SIL
AYSH,SBV
AYSJ,SIM
AYSO,SBC
AYSQ,SPV
AYSV,SXW
AYSX,MBV
AYTA,TIZ
AYTB,TBG
AYTI,TPI
AYTK,RAB
AYTN,TKW
AYTP,TEP
AYTS,TSW
AYTT,TRJ
AYTW,TWY
AYTZ,TKB
AYU,AYU
AYUC,UMC
AYUE,URU
AYUR,UPR
AYUZ,UVO
AYVL,TLW
AYVM,TCJ
AYVN,VAI
AYVO,TON
AYWB,WAO
AYWD,WBM
AYWF,WAJ
AYWK,WWK
AYWO,WOA
AYWQ,WKN
AYWS,WSU
AYWT,WTP
AYWU,WUG
AYXE,YVD
AYXI,SMJ
AYXW,WEP
AYY,AYY
AYYE,KYX
AYYR,KSX
AYZ,AYZ
AYZM,WUM
AZ-0001,ZXT
AZ15,HAE
AZB,AZB
BAJ,BAJ
BAP,BAP
BBG,BKG
BCJ,BCJ
BCP,BCP
BCW,BCW
BCZ,BCZ
BDH,ILL
BDZ,BDZ
BEA,BEA
BER,BER
BG-HKV,HKV
BG-JAM,JAM
BGAA,JEG
BGAP,LLU
BGAT,QGQ
BGBW,UAK
BGCH,JCH
BGCO,CNP
BGDU,DUN
BGET,QFG
BGGH,GOH
BGGN,JGO
BGIG,QFI
BGIK,QRY
BGIL,XIQ
BGIT,QJI
BGJH,JJU
BGJN,JAV
BGKA,QPW
BGKK,KUS
BGKS,KGQ
BGKT,QJE
BGMQ,JSU
BGNN,JNN
BGNS,JNS
BGP,BGP
BGPT,JFR
BGQE,QQT
BGQQ,NAQ
BGSC,OBY
BGSF,SFJ
BGSO,QOQ
BGSS,JHS
BGTL,THU
BGTN,TQI
BGUK,JUV
BGUM,UMD
BGUQ,JQA
BHL,BHL
BHT,BHT
BIAR,AEY
BIBD,BIU
BIBF,BGJ
BIBK,BJD
BIBL,BLO
BIBR,BQD
BIBV,BXV
BIDV,DJU
BIEG,EGS
BIFF,FAS
BIFM,FAG
BIGF,GUU
BIGJ,GJR
BIGR,GRY
BIHK,HVK
BIHN,HFN
BIHT,FLI
BIHU,HZK
BIHV,HVM
BIID,HLO
BIIS,IFJ
BIJ,BIJ
BIKF,KEF
BIKP,OPA
BIKR,SAK
BINF,NOR
BIOF,OFJ
BIPA,PFJ
BIRE,RHA
BIRF,OLI
BIRG,RFN
BIRK,RKV
BIRL,MVA
BISI,SIJ
BIST,SYK
BITE,TEY
BITN,THO
BIVM,VEY
BIVO,VPN
BIZ,BIZ
BJE,BJE
BJQ,BJQ
BJT,BJT
BKPR,PRN
BMH,BMH
BMQ,BMQ
BMZ,BMZ
BNF,BNF
BNM,BNM
BNQ,BNQ
BNT,BNT
BNV,BNV
BNZ,BNZ
BO-0001,RBQ
BO-BVL,BVL
BOF,BOF
BOK,BOK
BOQ,BOQ
BOT,BOT
BOV,BOV
BPF,BPF
BQV,BQV
BR-0015,TUZ
BR-ALT,ALT
BR-SWM,SWM
BRG,BRG
BS-NSB,NSB
BSP,BSP
BSV,BSV
BUL,BUL
BVP,BVP
BVR,BVR
BW-HUK,HUK
BWJ,BWJ
BWP,BWP
BXL,BXL
BXZ,BXZ
BYA,BYA
BYL,BYL
BYV,BYV
BZ-BCV,BCV
BZ-BGK,BGK
BZ-CUK,CUK
BZ-CYC,CYC
BZ-CZH,CZH
BZ-DGA,DGA
BZ-INB,INB
BZ-MDB,MDB
BZ-ORZ,ORZ
BZ-PLJ,PLJ
BZ-PND,PND
BZ-SJX,SJX
BZ-SPR,SPR
BZ-SQS,SQS
BZ-STU,STU
BZ-SVK,SVK
BZ-TZA,TZA
BZB,BZB
BZM,BZM
BZS,BZS
CA-0053,YYS
CA-0095,YLM
CA-0112,YGY
CA-0201,YUJ
CA-0213,YWO
CA-0241,YAD
CA-0245,YMD
CA-0274,YDE
CA-0313,YYI
CA-0322,YSV
CA-0378,YTJ
CA-0412,YWN
CA-0446,YRR
CA-0504,YMV
CAB3,YBW
CAB4,YTP
CAB5,YBM
CAC3,ZAA
CAC8,ZNA
CAD4,YZZ
CAD5,YMB
CAE3,YHH
CAE5,YWS
CAE9,YBF
CAF6,YIG
CAG3,CJH
CAG8,YPT
CAH2,ZOF
CAH3,YCA
CAJ3,CFQ
CAJ4,YAA
CAL3,DGF
CAL4,JHL
CAL9,ZTS
CAM3,DUQ
CAN8,YPI
CAP3,YHS
CAP7,YKK
CAQ8,WPL
CAT4,XQU
CAT5,YMP
CAU8,YRN
CAV5,YTG
CAV7,YMU
CAW7,YAV
CAW8,YSX
CAX6,YGG
CAY4,YTB
CAZ5,YZA
CBBC,ZEL
CBC,CBC
CBM5,YTX
CBS8,YPB
CBW4,YBO
CBX5,TNS
CBX7,TUX
CCA6,YWM
CCD4,YSO
CCE4,YBI
CCK4,YFX
CCP4,YHA
CCZ2,YRG
CDK2,DVK
CDL7,JOJ
CEB5,ZFW
CEC4,YJP
CEM3,YLE
CEQ5,YGC
CER3,YDC
CER4,NML
CET2,CFM
CEW3,ZSP
CFA7,GSL
CFC4,XMP
CFF4,DAS
CFG6,YFI
CFJ2,YFJ
CFM4,YOE
CFQ4,TIL
CG-OKG,OKG
CGA,CGA
CGC,CGC
CGG,CGG
CGT,CGT
CHP,CHP
CIV,CIV
CJC8,LRQ
CJL2,YDJ
CJL8,YDU
CJN8,YFL
CJS3,XCL
CJT3,YKE
CJV7,SUR
CJX,CKD
CJY3,YTT
CKB6,YAX
CKL3,WNN
CKM8,YBS
CKQ3,YNO
CKR,CKR
CKU,CKU
CKV4,YDW
CKX,CKX
CLC,CLC
CLG,CLG
CMT,CMT
CMZ,CMZ
CN-0005,TVS
CN-0010,INC
CN-0011,YNT
CN-0012,YUA
CN-0024,ZQZ
CN-0027,BSD
CN-0034,DZU
CN-0040,LNJ
CN-0046,RKZ
CN-0050,PZI
CN-0051,ZKL
CN-0061,FUO
CN-0062,BZX
CN-0067,XAI
CN-0068,HUZ
CN-0079,HSC
CN-0081,JGS
CN-0082,AEB
CN-0091,DOY
CN-0104,XEN
CN-0113,AAT
CN-0130,THQ
CN-0143,YZY
CN-0189,DDG
CN-NTG,NTG
CNE3,XBE
CNH2,YNP
CNJ8,YWR
CNK4,YPD
CNL3,XBR
CNM5,KIF
CNT3,YOG
CO-0039,PRM
CO-ARQ,ARQ
CO-LCR,LCR
CO-SNT,SNT
CO-TCD,TCD
CPF2,YEB
CPI,CPI
CPS9,YSI
CPV7,YHP
CPV8,KEW
CSB2,YSA
CSH4,YLS
CSK6,YNX
CSR8,SSQ
CSU2,YKU
CT88,EHT
CTB6,ZTB
CTK6,ZKG
CTM3,YWQ
CTP9,YAU
CTR7,TR7
CTT5,ZGS
CTU2,YFG
CTU4,YGA
CTU5,ZLT
CU-0003,PST
CUJ,CUJ
CVH,HLI
CVL,CVL
CVR,CVR
CXC,CXC
CY-0002,GEC
CY-NIC,NIC
CYAB,YAB
CYAC,YAC
CYAD,YAR
CYAG,YAG
CYAH,YAH
CYAL,YAL
CYAM,YAM
CYAQ,XKS
CYAS,YKG
CYAT,YAT
CYAY,YAY
CYAZ,YAZ
CYBA,YBA
CYBB,YBB
CYBC,YBC
CYBD,QBC
CYBE,YBE
CYBF,YBY
CYBG,YBG
CYBK,YBK
CYBL,YBL
CYBQ,XTL
CYBR,YBR
CYBT,YBT
CYBV,YBV
CYBX,YBX
CYCA,YRF
CYCB,YCB
CYCC,YCC
CYCD,YCD
CYCE,YCE
CYCG,YCG
CYCH,YCH
CYCK,XCM
CYCL,YCL
CYCN,YCN
CYCO,YCO
CYCQ,YCQ
CYCR,YCR
CYCS,YCS
CYCT,YCT
CYCV,YCV
CYCW,YCW
CYCY,YCY
CYCZ,YCZ
CYDA,YDA
CYDB,YDB
CYDF,YDF
CYDL,YDL
CYDM,XRR
CYDN,YDN
CYDO,YDO
CYDP,YDP
CYDQ,YDQ
CYEG,YEG
CYEK,YEK
CYEL,YEL
CYEM,YEM
CYEN,YEN
CYER,YER
CYET,YET
CYEU,YEU
CYEV,YEV
CYEY,YEY
CYFA,YFA
CYFB,YFB
CYFC,YFC
CYFE,YFE
CYFH,YFH
CYFJ,YTM
CYFO,YFO
CYFR,YFR
CYFS,YFS
CYFT,YMN
CYGB,YGB
CYGH,YGH
CYGK,YGK
CYGL,YGL
CYGM,YGM
CYGO,YGO
CYGP,YGP
CYGQ,YGQ
CYGR,YGR
CYGT,YGT
CYGV,YGV
CYGW,YGW
CYGX,YGX
CYGZ,YGZ
CYHA,YQC
CYHB,YHB
CYHC,CXH
CYHD,YHD
CYHE,YHE
CYHF,YHF
CYHH,YNS
CYHI,YHI
CYHK,YHK
CYHM,YHM
CYHN,YHN
CYHO,YHO
CYHR,YHR
CYHT,YHT
CYHU,YHU
CYHY,YHY
CYHZ,YHZ
CYIB,YIB
CYID,YDG
CYIF,YIF
CYIK,YIK
CYIO,YIO
CYIV,YIV
CYJA,YJA
CYJF,YJF
CYJN,YJN
CYJT,YJT
CYKA,YKA
CYKC,YKC
CYKD,LAK
CYKF,YKF
CYKG,YWB
CYKJ,YKJ
CYKL,YKL
CYKM,YKD
CYKO,AKV
CYKQ,YKQ
CYKX,YKX
CYKY,YKY
CYKZ,YKZ
CYLA,YPJ
CYLB,YLB
CYLC,YLC
CYLD,YLD
CYLH,YLH
CYLJ,YLJ
CYLK,YSG
CYLL,YLL
CYLQ,YLQ
CYLR,YLR
CYLS,YLK
CYLT,YLT
CYLU,XGR
CYLW,YLW
CYM,CYM
CYMA,YMA
CYME,YME
CYMG,YMG
CYMH,YMH
CYMJ,YMJ
CYML,YML
CYMM,YMM
CYMO,YMO
CYMT,YMT
CYMU,YUD
CYMW,YMW
CYMX,YMX
CYNA,YNA
CYNC,YNC
CYND,YND
CYNE,YNE
CYNH,YNH
CYNJ,YLY
CYNL,YNL
CYNM,YNM
CYNR,HZP
CYOA,YOA
CYOC,YOC
CYOD,YOD
CYOH,YOH
CYOJ,YOJ
CYOO,YOO
CYOP,YOP
CYOS,YOS
CYOW,YOW
CYOY,YOY
CYPA,YPA
CYPC,YPC
CYPD,YPS
CYPE,YPE
CYPG,YPG
CYPH,YPH
CYPL,YPL
CYPM,YPM
CYPN,YPN
CYPO,YPO
CYPQ,YPQ
CYPR,YPR
CYPW,YPW
CYPX,YPX
CYPY,YPY
CYPZ,YPZ
CYQA,YQA
CYQB,YQB
CYQD,YQD
CYQF,YQF
CYQG,YQG
CYQH,YQH
CYQI,YQI
CYQK,YQK
CYQL,YQL
CYQM,YQM
CYQN,YQN
CYQQ,YQQ
CYQR,YQR
CYQS,YQS
CYQT,YQT
CYQU,YQU
CYQV,YQV
CYQW,YQW
CYQX,YQX
CYQY,YQY
CYQZ,YQZ
CYRA,YRA
CYRB,YRB
CYRI,YRI
CYRJ,YRJ
CYRL,YRL
CYRM,YRM
CYRO,YRO
CYRQ,YRQ
CYRS,YRS
CYRT,YRT
CYRV,YRV
CYSB,YSB
CYSC,YSC
CYSD,YSD
CYSE,YSE
CYSF,YSF
CYSH,YSH
CYSJ,YSJ
CYSK,YSK
CYSL,YSL
CYSM,YSM
CYSN,YCM
CYSP,YSP
CYST,YST
CYSU,YSU
CYSY,YSY
CYTA,YTA
CYTE,YTE
CYTF,YTF
CYTH,YTH
CYTL,YTL
CYTQ,YTQ
CYTR,YTR
CYTS,YTS
CYTZ,YTZ
CYUB,YUB
CYUL,YUL
CYUT,YUT
CYUX,YUX
CYUY,YUY
CYVB,YVB
CYVC,YVC
CYVG,YVG
CYVK,YVE
CYVL,YCK
CYVM,YVM
CYVO,YVO
CYVP,YVP
CYVQ,YVQ
CYVR,YVR
CYVT,YVT
CYVV,YVV
CYVZ,YVZ
CYWA,YWA
CYWG,YWG
CYWH,YWH
CYWJ,YWJ
CYWK,YWK
CYWL,YWL
CYWP,YWP
CYWY,YWY
CYXC,YXC
CYXD,YXD
CYXE,YXE
CYXH,YXH
CYXI,YXI
CYXJ,YXJ
CYXK,YXK
CYXL,YXL
CYXN,YXN
CYXP,YXP
CYXQ,YXQ
CYXR,YXR
CYXS,YXS
CYXT,YXT
CYXU,YXU
CYXX,YXX
CYXY,YXY
CYXZ,YXZ
CYYB,YYB
CYYC,YYC
CYYD,YYD
CYYE,YYE
CYYF,YYF
CYYG,YYG
CYYH,YYH
CYYJ,YYJ
CYYL,YYL
CYYM,YYM
CYYN,YYN
CYYQ,YYQ
CYYR,YYR
CYYT,YYT
CYYU,YYU
CYYW,YYW
CYYY,YYY
CYYZ,YYZ
CYZE,YZE
CYZF,YZF
CYZG,YZG
CYZH,YZH
CYZP,YZP
CYZR,YZR
CYZS,YZS
CYZT,YZT
CYZU,YZU
CYZV,YZV
CYZW,YZW
CYZX,YZX
CZAC,ZAC
CZAM,YSN
CZBB,YDT
CZBD,ILF
CZBF,ZBF
CZBM,ZBM
CZEE,KES
CZEM,ZEM
CZFA,ZFA
CZFD,ZFD
CZFG,XPK
CZFM,ZFM
CZFN,ZFN
CZGF,ZGF
CZGI,ZGI
CZGR,ZGR
CZHP,ZHP
CZJ,CZJ
CZJG,ZJG
CZJN,ZJN
CZK,CZK
CZKE,ZKE
CZLQ,YTD
CZMD,MSA
CZML,ZMH
CZMN,PIW
CZMT,ZMT
CZN,CZN
CZNG,XPP
CZO,CZO
CZPB,ZPB
CZPC,WPC
CZPO,ZPO
CZRJ,ZRJ
CZSJ,ZSJ
CZSN,XSI
CZST,ZST
CZSW,ZSW
CZTA,YDV
CZTM,ZTM
CZUC,ZUC
CZUM,ZUM
CZWH,XLB
CZWL,ZWL
D38,IUA
D66,DJN
DA14,MQV
DAAB,QLD
DAAD,BUJ
DAAE,BJA
DAAG,ALG
DAAJ,DJG
DAAP,VVZ
DAAS,QSF
DAAT,TMR
DAAV,GJL
DAAY,MZW
DABB,AAE
DABC,CZL
DABO,QMH
DABP,SKI
DABS,TEE
DABT,BLJ
DAF,DAF
DAFH,HRM
DAFI,QDJ
DAO,DAO
DAOB,TID
DAOF,TIN
DAOI,CFK
DAOL,TAF
DAON,TLM
DAOO,ORN
DAOR,CBH
DAOS,BFW
DAOV,MUW
DAOY,EBH
DATG,INF
DATM,BMW
DAUA,AZR
DAUB,BSK
DAUE,ELG
DAUG,GHA
DAUH,HME
DAUI,INZ
DAUK,TGR
DAUL,LOO
DAUO,ELU
DAUT,TMX
DAUU,OGX
DAUZ,IAM
DBBB,COO
DBBD,DJA
DBBK,KDC
DBBN,NAE
DBBP,PKO
DBBS,SVF
DBC,DBC
DBK,DBK
DBP,DBP
DBU,DBU
DCG,DCG
DCK,DCK
DCR,DCR
DDM,DDM
DE-0419,HDB
DE-0428,PHM
DE-0429,PHM
DER,DER
DEX,DEX
DFCA,XKY
DFCC,OUG
DFCJ,XDJ
DFCL,XLU
DFCP,PUP
DFEA,XBO
DFEB,XBG
DFED,DIP
DFEE,DOR
DFEF,FNG
DFEG,XGG
DFEL,XKA
DFEM,TMQ
DFEP,XPA
DFER,ARL
DFES,XSE
DFET,TEG
DFEZ,XZA
DFFD,OUA
DFOB,BNR
DFOD,DGU
DFOG,XGA
DFON,XNU
DFOO,BOY
DFOT,TUQ
DFOU,XDE
DFOY,XAR
DGAA,ACC
DGG,DGG
DGLE,TML
DGM,DGM
DGSI,KMS
DGSN,NYI
DGTK,TKD
DHB,DHB
DHG,DHG
DIAO,ABO
DIAP,ABJ
DIAU,OGO
DIBI,BXI
DIBK,BYK
DIBN,BQO
DIBU,BDK
DIDK,DIM
DIDL,DJO
DIFK,FEK
DIGA,GGN
DIGL,GGO
DIGN,BBV
DIKO,HGO
DIMN,MJC
DIOD,KEO
DIOF,OFI
DISG,SEO
DISP,SPY
DISS,ZSS
DITB,TXU
DITN,TOZ
DIW,DIW
DIYO,ASK
DLR,DLR
DN57,DKA
DNAA,ABV
DNAI,QUO
DNAK,AKR
DNAS,ABB
DNBC,BCU
DNBE,BNI
DNCA,CBQ
DNEN,ENU
DNIB,IBA
DNIL,ILR
DNIM,QOW
DNJO,JOS
DNKA,KAD
DNKN,KAN
DNMA,MIU
DNMK,MDI
DNMM,LOS
DNMN,MXJ
DNPO,PHC
DNSO,SKO
DNYO,YOL
DNZA,ZAR
DOO,DOO
DOS,DOS
DPK,DPK
DPT,DPT
DPU,DPU
DQA,DQA
DRRM,MFQ
DRRN,NIM
DRRT,THZ
DRZA,AJY
DRZL,RLT
DRZR,ZND
DSG,DSG
DTKA,TBJ
DTMB,MIR
DTTA,TUN
DTTF,GAF
DTTG,GAE
DTTJ,DJE
DTTR,EBM
DTTX,SFA
DTTZ,TOE
DVD,DVD
DWO,DWO
DWR,DWR
DWS,DWS
DXNG,LRL
DXXX,LFW
EAL,EAL
EBAW,ANR
EBBR,BRU
EBCI,CRL
EBKT,KJK
EBLG,LGG
EBO,EBO
EBOS,OST
EBZR,OBL
EC-MZD,MZD
EDA,EDA
EDAC,AOC
EDAH,HDF
EDAU,IES
EDAX,REB
EDBC,CSO
EDBH,BBH
EDBM,ZMG
EDBN,FNB
EDCD,CBU
EDCG,GTI
EDCK,KOQ
EDCP,PEF
EDDB,SXF
EDDC,DRS
EDDE,ERF
EDDF,FRA
EDDG,FMO
EDDH,HAM
EDDI,THF
EDDK,CGN
EDDL,DUS
EDDM,MUC
EDDN,NUE
EDDP,LEJ
EDDR,SCN
EDDS,STR
EDDT,TXL
EDDV,HAJ
EDDW,BRE
EDFH,HHN
EDFM,MHG
EDGE,EIB
EDGS,SGE
EDHI,XFW
EDHK,KEL
EDHL,LBC
EDHN,EUM
EDJA,FMM
EDKA,AAH
EDKB,BNJ
EDLE,ESS
EDLI,BFE
EDLN,MGL
EDLP,PAD
EDLV,NRN
EDLW,DTM
EDMA,AGB
EDMO,OBF
EDMS,RBM
EDNY,FDH
EDOP,SZW
EDQD,BYU
EDQE,URD
EDQG,GHF
EDQM,HOQ
EDRB,BBJ
EDRZ,ZQW
EDSB,FKB
EDTD,ZQL
EDTL,LHA
EDVE,BWE
EDVK,KSF
EDWB,BRV
EDWD,XLW
EDWE,EME
EDWG,AGE
EDWI,WVN
EDWJ,JUI
EDWL,LGO
EDWR,BMK
EDWS,NOD
EDWU,VAC
EDWY,NRD
EDWZ,BMR
EDXB,HEI
EDXF,FLF
EDXH,HGL
EDXJ,QHU
EDXO,PSH
EDXW,GWT
EDXY,OHR
EEKA,KDL
EEKE,URE
EEPU,EPU
EETN,TLL
EETU,TAY
EFET,ENF
EFG,EFG
EFHA,KEV
EFHF,HEM
EFHK,HEL
EFHV,HYV
EFIT,KTQ
EFIV,IVL
EFJO,JOE
EFJY,JYV
EFKA,KAU
EFKE,KEM
EFKI,KAJ
EFKJ,KHJ
EFKK,KOK
EFKS,KAO
EFKT,KTT
EFKU,KUO
EFLA,QLF
EFLP,LPP
EFMA,MHQ
EFMI,MIK
EFOU,OUL
EFPO,POR
EFRO,RVN
EFSA,SVL
EFSI,SJY
EFSO,SOT
EFTP,TMP
EFTU,TKU
EFUT,UTI
EFVA,VAA
EFVR,VRK
EFYL,YLI
EG-AUE,AUE
EGAA,BFS
EGAB,ENK
EGAC,BHD
EGAE,LDY
EGBB,BHX
EGBE,CVT
EGBJ,GLO
EGBK,ORM
EGBN,NQT
EGBP,GBA
EGCC,MAN
EGCN,DSA
EGDJ,UPV
EGDL,LYE
EGDY,YEO
EGEC,CAL
EGED,EOI
EGEF,FIE
EGEH,WHS
EGEL,COL
EGEN,NRL
EGEO,OBN
EGEP,PPW
EGER,SOY
EGES,NDY
EGET,LWK
EGEW,WRY
EGEY,CSA
EGFE,HAW
EGFF,CWL
EGFH,SWS
EGGD,BRS
EGGP,LPL
EGGW,LTN
EGHC,LEQ
EGHD,PLH
EGHE,ISC
EGHH,BOH
EGHI,SOU
EGHJ,BBP
EGHK,PZE
EGHL,QLA
EGHQ,NQY
EGHR,QUG
EGJA,ACI
EGJB,GCI
EGJJ,JER
EGKA,ESH
EGKB,BQH
EGKK,LGW
EGKM,WEM
EGKR,KRH
EGLC,LCY
EGLF,FAB
EGLK,BBS
EGLL,LHR
EGMC,SEN
EGMD,LYX
EGMH,MSE
EGMK,LYM
EGNC,CAX
EGNH,BLK
EGNJ,HUY
EGNL,BWF
EGNM,LBA
EGNO,WRT
EGNR,CEG
EGNS,IOM
EGNT,NCL
EGNV,MME
EGNX,EMA
EGOV,VLY
EGPA,KOI
EGPB,LSI
EGPC,WIC
EGPD,ABZ
EGPE,INV
EGPF,GLA
EGPH,EDI
EGPI,ILY
EGPK,PIK
EGPL,BEB
EGPM,SCS
EGPN,DND
EGPO,SYY
EGPR,BRR
EGPT,PSL
EGPU,TRE
EGPW,UNT
EGQK,FSS
EGQL,ADX
EGQS,LMO
EGSC,CBG
EGSH,NWI
EGSS,STN
EGSU,QFO
EGTB,HYC
EGTE,EXT
EGTG,FZO
EGTK,OXF
EGTO,RCS
EGUA,UHF
EGUB,BEX
EGUL,LKZ
EGUN,MHZ
EGUY,QUY
EGVA,FFD
EGVF,PME
EGVJ,BWY
EGVN,BZZ
EGVO,ODH
EGWU,NHT
EGWZ,AYH
EGXB,GSY
EGXC,QCY
EGXH,BEQ
EGXJ,OKH
EGXP,SQZ
EGXU,HRT
EGXW,WTN
EGYM,KNF
EGYP,MPN
EHAM,AMS
EHBK,MST
EHEH,EIN
EHGG,GRQ
EHGR,GLZ
EHKD,DHR
EHLE,LEY
EHLW,LWR
EHRD,RTM
EHSB,UTC
EHTW,ENS
EHVB,LID
EHWO,WOE
EIBN,BYT
EIBT,BLY
EICA,NNR
EICB,CLB
EICK,ORK
EICM,GWY
EIDL,CFN
EIDW,DUB
EIIM,IOR
EIIR,INQ
EIKK,KKY
EIKN,NOC
EIKY,KIR
EILT,LTR
EIMN,IIA
EINN,SNN
EISG,SXL
EIWF,WAT
EJN,EJN
EJT,EJT
EKAH,AAR
EKBI,BLL
EKCH,CPH
EKEB,EBJ
EKKA,KRP
EKLS,BYR
EKMB,MRW
EKOD,ODE
EKRK,RKE
EKRN,RNN
EKSB,SGD
EKSN,CNL
EKSP,SKS
EKSV,SQW
EKTS,TED
EKVG,FAE
EKVJ,STA
EKYT,AAL
ELLX,LUX
ENAL,AES
ENAN,ANX
ENAT,ALF
ENBL,FDE
ENBN,BNN
ENBO,BOO
ENBR,BGO
ENBS,BJF
ENBV,BVG
ENCN,KRS
ENDI,DLD
ENDU,BDU
ENEV,EVE
ENFB,FBU
ENFG,VDB
ENFL,FRO
ENGM,OSL
ENHA,HMR
ENHD,HAU
ENHF,HFT
ENHK,HAA
ENHV,HVG
ENKA,QKX
ENKB,KSU
ENKL,GLL
ENKR,KKN
ENLI,FAN
ENLK,LKN
ENMH,MEH
ENML,MOL
ENMS,MJF
ENNA,LKL
ENNK,NVK
ENNM,OSY
ENNO,NTB
ENOL,OLA
ENOV,HOV
ENRA,MQN
ENRM,RVK
ENRO,RRS
ENRS,RET
ENRY,RYG
ENSB,LYR
ENSD,SDN
ENSG,SOG
ENSH,SVJ
ENSK,SKN
ENSN,SKE
ENSO,SRP
ENSR,SOJ
ENSS,VAW
ENST,SSJ
ENTC,TOS
ENTO,TRF
ENVA,TRD
ENVD,VDS
ENVR,VRY
ENZV,SVG
EPBP,BXP
EPBY,BZG
EPCH,CZW
EPGD,GDN
EPKK,KRK
EPKO,OSZ
EPKT,KTW
EPKW,QEO
EPLL,LCJ
EPMO,WMI
EPOK,QYD
EPPO,POZ
EPRA,RDO
EPRZ,RZE
EPSC,SZZ
EPSK,OSP
EPSY,SZY
EPWA,WAW
EPWR,WRO
EPZG,IEG
ERT,ERT
ESDF,RNB
ESGG,GOT
ESGJ,JKG
ESGL,LDK
ESGP,GSE
ESGR,KVB
ESGT,THN
ESKK,KSK
ESKM,MXX
ESKN,NYO
ESMK,KID
ESMO,OSK
ESMQ,KLR
ESMS,MMX
ESMT,HAD
ESMX,VXO
ESND,EVG
ESNG,GEV
ESNH,HUV
ESNK,KRF
ESNL,LYC
ESNN,SDL
ESNO,OER
ESNQ,KRN
ESNS,SFT
ESNU,UME
ESNV,VHM
ESNX,AJR
ESNY,SOO
ESNZ,OSD
ESOE,ORB
ESOH,HFS
ESOK,KSD
ESOW,VST
ESP,ESP
ESPA,LLA
ESSA,ARN
ESSB,BMA
ESSD,BLE
ESSF,HLF
ESSK,GVX
ESSL,LPI
ESSP,NRK
ESST,TYF
ESSU,EKT
ESSV,VBY
ESSW,VVK
ESTA,AGH
ESUD,SQO
ESUE,IDB
ESUP,PJA
ESUT,HMV
ET-GLC,GLC
ET-SHC,SHC
ETAD,SPM
ETAR,RMS
ETAS,SEX
ETHC,ZCN
ETHF,FRZ
ETIK,ILH
ETIN,KZG
ETMN,FCN
ETNG,GKE
ETNL,RLG
ETNS,WBG
ETOU,WIE
ETSF,FEL
ETSI,IGS
ETUO,GUT
EVDA,DGP
EVLA,LPX
EVRA,RIX
EVVA,VNT
EWY,EWY
EXI,EXI
EYKA,KUN
EYKL,KLJ
EYPA,PLQ
EYPP,PNV
EYSA,SQQ
EYVI,VNO
F23,RGR
FAAB,ALJ
FAAG,AGZ
FAAL,ADY
FABE,BIY
FABL,BFN
FABU,UTE
FACC,ASS
FACD,CDO
FACT,CPT
FADK,DUK
FADQ,PZL
FAEL,ELS
FAEM,EMG
FAER,ELL
FAFB,FCB
FAGC,GCJ
FAGG,GRJ
FAGI,GIY
FAGM,QRA
FAHL,HLW
FAHR,HRS
FAHS,HDS
FAJS,JNB
FAKD,KXE
FAKM,KIM
FAKN,MQP
FAKP,KOF
FAKU,KMH
FAKZ,KLZ
FAL,FAL
FALA,HLA
FALC,LMR
FALD,LDZ
FALE,DUR
FALK,LUJ
FALO,LCD
FALW,SDB
FALY,LAY
FAMD,AAM
FAMG,MGH
FAMH,MEZ
FAMM,MBD
FAMN,LLE
FAMO,MZY
FAMU,MZQ
FANC,NCS
FANG,NGL
FANS,NLP
FAOB,OVG
FAOH,OUH
FAOR,JNB
FAPA,AFD
FAPE,PLZ
FAPG,PBZ
FAPH,PHW
FAPJ,JOH
FAPK,PRK
FAPM,PZB
FAPN,NTY
FAPP,PTG
FAPS,PCF
FAQT,UTW
FARB,RCB
FARI,RVO
FARS,ROD
FASB,SBU
FASC,ZEC
FASE,GSS
FASS,SIS
FASZ,SZK
FATH,THY
FATN,TCU
FATZ,LTA
FAUL,ULD
FAUP,UTN
FAUT,UTT
FAVB,VRU
FAVG,VIR
FAVR,VRE
FAVY,VYD
FAWB,PRY
FAWK,WKF
FBFT,FRW
FBGZ,GNZ
FBJW,JWA
FBKE,BBK
FBKR,KHW
FBLO,LOQ
FBMN,MUB
FBOR,ORP
FBPY,QPH
FBSK,GBE
FBSN,SXN
FBSP,PKW
FBSV,SVT
FBSW,SWX
FBTL,TLD
FBTS,TBY
FCBB,BZV
FCBD,DJM
FCBK,KNJ
FCBL,LCO
FCBM,MUY
FCBS,SIB
FCBY,NKY
FCBZ,ANJ
FCMM,MSX
FCOB,BOE
FCOD,OLL
FCOE,EWO
FCOG,GMM
FCOI,ION
FCOK,KEE
FCOM,MKJ
FCOO,FTX
FCOS,SOE
FCOT,BTB
FCOU,OUE
FCPA,KMK
FCPL,DIS
FCPP,PNR
FDMS,MTS
FDSK,SHO
FEA,FEA
FEFC,CRF
FEFF,BGF
FEFG,BGU
FEFI,IRO
FEFM,BBY
FEFN,NDL
FEFO,BOP
FEFR,BIV
FEFS,BSN
FEFT,BBT
FEFW,ODA
FEFY,AIG
FEFZ,IMO
FEGE,MKI
FEGF,BTG
FEGL,GDI
FEGM,BMF
FEGO,ODJ
FEGR,RFA
FEGU,BCF
FEGZ,BOZ
FGAB,NBN
FGBT,BSG
FGMY,GEM
FGSL,SSG
FHAW,ASI
FHSH,HLE
FIMP,MRU
FIMR,RRG
FIN,FIN
FJDG,NKW
FKAN,NKS
FKKB,KBI
FKKC,TKC
FKKD,DLA
FKKF,MMF
FKKG,BLC
FKKH,KLE
FKKI,OUR
FKKJ,GXX
FKKL,MVR
FKKM,FOM
FKKN,NGE
FKKO,BTA
FKKR,GOU
FKKS,DSC
FKKU,BFX
FKKV,BPC
FKKW,EBW
FKKY,YAO
FKYS,NSI
FLBA,MMQ
FLCP,CIP
FLE,FLE
FLJK,JEK
FLKE,CGJ
FLKL,KLB
FLKO,KMZ
FLKS,KAA
FLKY,ZKB
FLLI,LVI
FLLK,LXU
FLLS,LUN
FLMA,MNS
FLMF,MFU
FLMG,MNR
FLNA,ZGM
FLND,NLA
FLRZ,RYL
FLSN,SXG
FLSO,KIW
FLSS,SJQ
FLSW,SLI
FLT,FLT
FLZB,BBZ
FM-ULI,ULI
FMCH,HAH
FMCI,NWA
FMCN,YVA
FMCV,AJN
FMCZ,DZA
FMEE,RUN
FMEP,ZSE
FMMC,WML
FMME,ATJ
FMMG,WAQ
FMMH,VVB
FMMI,TNR
FMMK,JVA
FMML,BMD
FMMN,ZVA
FMMO,MXT
FMMQ,ILK
FMMR,TVA
FMMS,SMS
FMMT,TMM
FMMU,WTA
FMMV,MOQ
FMMX,WTS
FMMY,VAT
FMMZ,WAM
FMNA,DIE
FMNB,WBE
FMNC,WMR
FMND,ZWA
FMNE,AMB
FMNF,WBD
FMNG,WPB
FMNH,ANM
FMNL,HVA
FMNM,MJN
FMNN,NOS
FMNO,DWB
FMNP,WMP
FMNQ,BPY
FMNR,WMN
FMNS,SVB
FMNT,TTS
FMNV,VOH
FMNW,WAI
FMNX,WMA
FMNZ,IVA
FMSB,WBO
FMSC,WMD
FMSD,FTU
FMSF,WFI
FMSG,RVA
FMSI,IHO
FMSJ,MJA
FMSK,WVK
FMSL,OVA
FMSM,MNJ
FMSN,TDV
FMSR,MXM
FMST,TLE
FMSU,VND
FMSV,BKU
FMSY,AMP
FMSZ,WAK
FNAM,AZZ
FNBC,SSY
FNBG,BUG
FNBL,GGC
FNCA,CAB
FNCF,CFF
FNCH,PGI
FNCT,CBT
FNCV,CTI
FNCX,CXM
FNCZ,CAV
FNDU,DUE
FNE,FNE
FNGI,VPE
FNHU,NOV
FNKU,SVP
FNLK,LBZ
FNLU,LAD
FNLZ,LZM
FNMA,MEG
FNME,SPP
FNMO,MSZ
FNNG,GXG
FNPA,PBN
FNSA,VHC
FNSO,SZA
FNSU,NDD
FNUA,UAL
FNUB,SDD
FNUE,LUO
FNUG,UGO
FNWK,CEO
FNXA,XGN
FNZE,ARZ
FNZG,NZA
FOGB,BGB
FOGE,KDN
FOGF,FOU
FOGG,MBC
FOGI,MGX
FOGJ,KDJ
FOGK,KOU
FOGM,MJL
FOGO,OYE
FOGQ,OKN
FOGR,LBQ
FOGV,MVX
FOOB,BMM
FOOD,MFF
FOOE,MKB
FOOG,POG
FOOH,OMB
FOOI,IGE
FOOK,MKU
FOOL,LBV
FOOM,MZC
FOON,MVB
FOOR,LTL
FOOS,ZKM
FOOT,TCH
FOOY,MYB
FOY,FOY
FPPR,PCP
FPST,TMS
FQAG,ANO
FQBR,BEW
FQCB,FXO
FQCH,VPY
FQIA,IHC
FQIN,INH
FQLC,VXC
FQLU,LFB
FQMA,MPM
FQMD,MUD
FQMP,MZB
FQNC,MNC
FQNP,APL
FQPB,POL
FQPO,PDD
FQQL,UEL
FQTT,TET
FQVL,VNX
FQXA,VJB
FR-0321,BVE
FR-JCA,JCA
FSDR,DES
FSIA,SEZ
FSL,FSL
FSN,FSN
FSPP,PRI
FSSB,BDI
FSSD,DEI
FSSF,FRK
FTTA,SRH
FTTB,OGR
FTTC,AEH
FTTD,MQQ
FTTH,LTC
FTTI,ATV
FTTJ,NDJ
FTTK,BKR
FTTL,OTC
FTTM,MVO
FTTN,AMC
FTTP,PLF
FTTS,OUT
FTTU,AMO
FTTY,FYT
FUB,FUB
FVBM,BZH
FVBU,BUQ
FVCH,CHJ
FVCZ,BFO
FVFA,VFA
FVHA,HRE
FVKB,KAB
FVMH,MJW
FVMU,UTA
FVMV,MVZ
FVTL,GWE
FVWN,HWN
FVWT,WKI
FWCD,CEH
FWCL,BLZ
FWCM,CMK
FWDW,DWA
FWKA,KGJ
FWKG,KBQ
FWKI,LLW
FWLK,LIX
FWMG,MAI
FWMY,MYZ
FWSM,LMB
FWUU,ZZU
FXLK,LEF
FXLR,LRB
FXLS,LES
FXMF,MFC
FXMK,MKH
FXMM,MSU
FXNK,NKU
FXPG,PEL
FXQG,UTG
FXQN,UNE
FXSH,SHK
FXSK,SKQ
FXSM,SOK
FXSS,SHZ
FXTA,THB
FXTK,TKO
FYAA,AIW
FYAR,ADI
FYGB,GOG
FYGF,GFY
FYHI,HAL
FYKB,KAS
FYKM,MPA
FYKT,KMP
FYLS,LHU
FYLZ,LUD
FYME,MJO
FYMG,MQG
FYMO,OKU
FYNA,NNI
FYOA,OND
FYOE,OMG
FYOG,OMD
FYOO,OKF
FYOP,OPW
FYOS,OHI
FYOW,OTJ
FYRU,NDU
FYSA,RHN
FYSM,SWP
FYSS,SZM
FYTE,TCY
FYTM,TSB
FYWB,WVB
FYWE,ERS
FYWH,WDH
FZAA,FIH
FZAB,NLO
FZAG,MNB
FZAJ,BOA
FZAL,LZI
FZAM,MAT
FZAR,NKL
FZBA,INO
FZBI,NIO
FZBO,FDU
FZBT,KRZ
FZCA,KKW
FZCB,IDF
FZCE,LUS
FZCV,MSM
FZEA,MDK
FZEN,BSU
FZFA,LIE
FZFD,BDT
FZFK,GMA
FZFP,KLI
FZFU,BMB
FZGA,LIQ
FZGN,BNB
FZGV,IKL
FZIC,FKI
FZIR,YAN
FZJH,IRP
FZKA,BUX
FZKJ,BZU
FZMA,BKY
FZMB,RUE
FZNA,GOM
FZNP,BNC
FZOA,KND
FZOD,KLY
FZOP,PUN
FZQA,FBM
FZQC,PWO
FZQG,KEC
FZQM,KWZ
FZRA,MNO
FZRB,BDV
FZRF,FMI
FZRM,KBO
FZRQ,KOO
FZSA,KMN
FZSK,KAP
FZTK,KNM
FZUA,KGA
FZUG,LZA
FZUK,TSH
FZVA,LJA
FZVI,LBO
FZVM,MEW
FZVR,BAN
FZVS,PFR
FZWA,MJM
FZWC,GDJ
FZWT,KBN
GA-AKE,AKE
GA-GAX,GAX
GAB,GAB
GABS,BKO
GAGM,GUD
GAGO,GAQ
GAKA,KNZ
GAKO,KTX
GAKY,KYS
GAMB,MZI
GANK,NRM
GANR,NIX
GASK,KSS
GATB,TOM
GAYE,EYL
GAZ,GAZ
GB-0070,HOY
GB-DOC,DOC
GB-FLH,FLH
GB-FOA,FOA
GB-OUK,OUK
GB-PSV,PSV
GBM,GBM
GBYD,BJL
GCFV,FUE
GCGM,GMZ
GCHI,VDE
GCLA,SPC
GCLP,LPA
GCRR,ACE
GCTS,TFS
GCV,GCV
GCXO,TFN
GDA,GDA
GECE,JCU
GEML,MLN
GEW,GEW
GFBN,BTE
GFBO,KBS
GFD,GFD
GFGK,GBK
GFHA,HGS
GFKB,KBA
GFKE,KEN
GFLL,FNA
GFYE,WYE
GGBU,BQE
GGOV,OXB
GHE,GHE
GL-JGR,JGR
GL-QCU,QCU
GLBU,UCN
GLCP,CPA
GLGE,SNI
GLMR,MLW
GLNA,NIA
GLP,GLP
GLRB,ROB
GLST,SAZ
GLTN,THC
GLVA,VOI
GMAD,AGA
GMAT,TTA
GMAZ,OZG
GMFB,UAR
GMFF,FEZ
GMFK,ERH
GMFM,MEK
GMFO,OUD
GMMA,SMW
GMMB,GMD
GMMC,CAS
GMMD,BEM
GMME,RBA
GMMF,SII
GMMH,VIL
GMMI,ESU
GMML,EUN
GMMN,CMN
GMMS,SFI
GMMW,NDR
GMMX,RAK
GMMY,NNA
GMMZ,OZZ
GMQ,GMQ
GMTA,AHU
GMTN,TTU
GMTT,TNG
GNU,GNU
GOBD,DSS
GOC,GOC
GODK,KDA
GOGG,ZIG
GOGS,CSK
GOOK,KLC
GOOY,DKR
GOSM,MAX
GOSP,POD
GOSR,RDT
GOSS,XLS
GOTB,BXE
GOTK,KGG
GOTS,SMY
GOTT,TUD
GQNA,AEO
GQNB,OTL
GQNC,THI
GQND,TIY
GQNE,BGH
GQNF,KFA
GQNH,TMD
GQNI,EMN
GQNJ,AJJ
GQNK,KED
GQNL,MOM
GQNO,NKC
GQNS,SEY
GQNT,THT
GQPA,ATR
GQPF,FGD
GQPP,NDB
GQPZ,OUZ
GRC,GRC
GRH,GRH
GSZ,GMT
GT-0001,CIQ
GT-0002,DON
GT-0003,ENJ
GT-0004,PCG
GT-0006,TKM
GT-0007,UAX
GT-PKJ,PKJ
GTZ,GTZ
GUCY,CKY
GUE,GUE
GUFA,FIG
GUFH,FAA
GUKU,KSI
GULB,LEK
GUMA,MCA
GUNZ,NZE
GUOK,BKJ
GUSB,SBI
GUSI,GII
GUXN,KNN
GVAC,SID
GVAN,NTO
GVBA,BVC
GVE,GVE
GVMA,MMO
GVMT,MTI
GVNP,RAI
GVSF,SFL
GVSN,SNE
GVSV,VXE
GWN,GWN
GWW,GWW
GY-BCG,BCG
GY-BTO,BTO
GY-DOE,DOE
GY-LDO,LDO
GY-WSO,WSO
HAAB,ADD
HAAM,AMH
HAAX,AXU
HABC,BCO
HABD,BJR
HABE,BEI
HADB,DGC
HADC,DSE
HADD,DEM
HADM,DBM
HADR,DIR
HADT,DBT
HAFN,FNH
HAGB,GOB
HAGH,GNN
HAGM,GMB
HAGN,GDQ
HAGO,GDE
HAGR,GOR
HAHM,QHR
HAHU,HUE
HAJJ,JIJ
HAJM,JIM
HAKD,ABK
HAKL,LFO
HALA,AWA
HALL,LLI
HAMA,MKS
HAMK,MQX
HAMM,ETE
HAMN,NDM
HAMR,MUJ
HAMT,MTF
HANG,EGL
HANJ,NEJ
HANK,NEK
HAPW,PWI
HASD,SXU
HASK,SKR
HASM,SZE
HASO,ASO
HATP,TIE
HAWC,WAC
HAWR,WRA
HAY,HAY
HAZ,HAZ
HBBA,BJM
HBBE,GID
HBBO,KRE
HBT,HBT
HCMA,ALU
HCMB,BIB
HCMC,CXN
HCMD,BSY
HCME,HCM
HCMF,BSA
HCMG,GSR
HCMH,HGA
HCMI,BBO
HCMJ,LGX
HCMK,KMU
HCMM,MGQ
HCMN,BLW
HCMO,CMO
HCMR,GLK
HCMS,CMS
HCMU,ERA
HCMV,BUO
HCMW,GGR
HDAM,JIB
HDAS,AII
HDMO,MHI
HDOB,OBC
HDTJ,TDJ
HE13,CCE
HE24,SEW
HE25,EMY
HE40,SQK
HEAL,DBB
HEAR,AAC
HEAT,ATZ
HEAX,ALY
HEBA,HBE
HEBL,ABS
HECA,CAI
HECW,CWE
HEDK,DAK
HEGN,HRG
HEGR,EGH
HEKG,UVL
HELX,LXR
HEMA,RMF
HEMK,HMB
HEMM,MUH
HEO,HEO
HEOW,GSQ
HEPS,PSD
HESC,SKV
HESH,SSH
HESN,ASW
HETB,TCP
HETR,ELT
HEY,HEY
HGT,HGT
HHAS,ASM
HHMS,MSW
HHSB,ASA
HHTS,TES
HI01,HPV
HI07,WKL
HIA,HIA
HIL,HIL
HKAM,ASV
HKB,HKB
HKEL,EDL
HKES,EYS
HKFG,KLK
HKGA,GAS
HKHO,HOA
HKJK,NBO
HKKE,KEU
HKKG,GGM
HKKI,KIS
HKKL,ILU
HKKR,KEY
HKKT,KTL
HKLK,LKG
HKLO,LOK
HKLU,LAU
HKLY,LOY
HKMA,NDE
HKMB,RBT
HKML,MYD
HKMO,MBA
HKMS,MRE
HKMY,OYL
HKNI,NYE
HKNK,NUU
HKNW,WIL
HKNY,NYK
HKSB,UAS
HKUK,UKA
HKWJ,WJR
HLGD,SRX
HLGN,TOB
HLGT,GHT
HLKF,AKF
HLLB,BEN
HLLM,MJI
HLLQ,LAQ
HLLS,SEB
HLLT,TIP
HLMB,LMQ
HLON,HUQ
HLTD,LTD
HLZN,ZIS
HLZW,WAX
HN-MUG,EDQ
HNE,HNE
HOO,HOO
HRC,HRC
HRYG,GYI
HRYI,BTQ
HRYR,KGL
HRYU,RHG
HRZA,KME
HSAT,ATB
HSDB,EDB
HSDN,DOG
HSDZ,RSS
HSFA,HGI
HSFS,ELF
HSGF,GSU
HSGG,DNX
HSGN,EGN
HSHG,HEG
HSJ,HSJ
HSKA,KSL
HSKG,GBU
HSKI,KST
HSLI,KDX
HSMK,RBX
HSMN,MWE
HSNH,NUD
HSNN,UYL
HSNW,NHF
HSOB,EBD
HSPN,PZU
HSSJ,JUB
HSSM,MAK
HSSS,KRT
HSSW,WHF
HSWD,DNI
HSWW,WUU
HSZA,ZLX
HTAR,ARK
HTBU,BKZ
HTDA,DAR
HTDO,DOD
HTGW,MBI
HTIR,IRI
HTKA,TKQ
HTKI,KIY
HTKJ,JRO
HTLI,LDI
HTLM,LKY
HTM,HTM
HTMA,MFA
HTMD,MWN
HTMI,XMI
HTMS,QSI
HTMT,MYW
HTMU,MUZ
HTMW,MWZ
HTNA,NCH
HTNJ,JOM
HTPE,PMA
HTSN,SEU
HTSO,SGX
HTSU,SUT
HTSY,SHY
HTTB,TBO
HTTG,TGT
HTZA,ZNZ
HUAR,RUA
HUEN,EBB
HUGU,ULU
HUJI,JIN
HUKC,KLA
HUKF,PAF
HUKS,KSE
HUMA,MBQ
HUMI,KCU
HUSO,SRT
HUTO,TRY
HWA,HWA
HYL,HYL
IBI,IBI
IBL,IBL
ICO,ICO
ID-0003,PPJ
ID-0006,JBB
ID-0011,BWX
ID-0017,AAP
ID-0169,BXW
ID-AAS,AAS
ID-AGD,AGD
ID-AKQ,AKQ
ID-AYW,AYW
ID-BJG,BJG
ID-BXM,BXM
ID-DRH,DRH
ID-ELR,ELR
ID-EWE,EWE
ID-FOO,FOO
ID-GAV,GAV
ID-IUL,IUL
ID-KBF,KBF
ID-KBX,KBX
ID-KCD,KCD
ID-KCI,KCI
ID-KEA,KEA
ID-KMM,KMM
ID-KOD,KOD
ID-KRC,KRC
ID-KWB,KWB
ID-LLN,LLN
ID-LWE,LWE
ID-LYK,LYK
ID-MJY,MJY
ID-MPT,MPT
ID-MSI,MSI
ID-MUF,MUF
ID-NAF,NAF
ID-OBD,OBD
ID-PUM,PUM
ID-PWL,PWL
ID-RAQ,RAQ
ID-RKI,RKI
ID-RTI,RTI
ID-RUF,RUF
ID-RZS,RZS
ID-SAE,SAE
ID-TBM,TBM
ID-TMY,TMY
ID-ZEG,ZEG
ID-ZGP,UGU
IDN,IDN
ILX,ILX
IMA,IMA
IMG,IMG
IN-0070,VDY
IN-JGB,JGB
IN-NVY,NVY
IN-RJI,RJI
IN-TEI,TEI
INE,INE
IOK,IOK
IOP,IOP
IR-0001,KHA
IR-GSM,GSM
IRU,IRU
ISG,ISG
IT-TQR,TQR
ITK,ITK
IUS,IUS
IVH,IVH
IVI,IVI
JGD,JGD
JIC,JIC
JIO,JIO
JIQ,JIQ
JJD,JJD
JLA,JLA
JNB,JNB
JOP,JOP
JPB,JPB
JPN,JPN
JRA,JRA
JRB,JRB
JUH,JUH
K00C,AMK
K00F,BDX
K05U,EUE
K06U,KPT
K07,RLA
K0B8,FID
K0K7,HUD
K0S9,TWD
K0V7,MVM
K1B1,HCC
K1F0,AHD
K1G4,GCW
K1O2,CKE
K1O5,ROF
K1V6,CNE
K21,RSX
K23,COP
K29,CIL
K2F0,IRB
K2O1,GNF
K2S7,CHZ
K2W6,LTW
K37V,AHF
K39N,PCT
K3C8,CTO
K3O9,NRI
K3S8,GTP
K3TR,NLE
K3W7,GCD
K40G,VLE
K40J,FPY
K41U,NTJ
K43U,MSD
K44U,SBO
K47N,JVI
K4R7,UCE
K4S1,GOL
K50I,KKT
K5N2,PRW
K5T9,EGP
K61B,BLD
K67L,MFH
K6D9,ECA
K6S2,FMU
K74S,OTS
K74V,ROL
K7G9,CTK
K7V2,WPO
K80F,ATE
K8A6,QWG
K9U3,ASQ
KAAF,AAF
KABE,ABE
KABI,ABI
KABQ,ABQ
KABR,ABR
KABY,ABY
KACB,ACB
KACK,ACK
KACT,ACT
KACV,ACV
KACY,ACY
KADG,ADG
KADH,ADT
KADM,ADM
KADS,ADS
KADW,ADW
KAE,KAE
KAEL,AEL
KAEX,AEX
KAF,KAF
KAFF,AFF
KAFJ,WSG
KAFN,AFN
KAFO,AFO
KAFW,AFW
KAGC,AGC
KAGO,AGO
KAGS,AGS
KAHC,AHC
KAHH,AHH
KAHN,AHN
KAIA,AIA
KAID,AID
KAIK,AIK
KAIO,AIO
KAIV,AIV
KAIY,AIY
KAIZ,AIZ
KAKO,AKO
KAKR,AKC
KALB,ALB
KALI,ALI
KALM,ALM
KALN,ALN
KALO,ALO
KALS,ALS
KALW,ALW
KALX,ALX
KAMA,AMA
KAMN,AMN
KAMW,AMW
KANB,ANB
KAND,AND
KANK,SLT
KANP,ANP
KANQ,ANQ
KANW,ANW
KANY,ANY
KAOH,AOH
KAOO,AOO
KAPA,APA
KAPC,APC
KAPF,APF
KAPG,APG
KAPH,APH
KAPN,APN
KAPT,APT
KAPV,APV
KAQ,KAQ
KARA,ARA
KARB,ARB
KARG,ARG
KARM,WHT
KARR,AUZ
KART,ART
KARV,ARV
KARW,BFT
KASE,ASE
KASG,SPZ
KASH,ASH
KASL,ASL
KASN,ASN
KAST,AST
KASX,ASX
KASY,ASY
KATL,ATL
KATS,ATS
KATW,ATW
KATY,ATY
KAUG,AUG
KAUM,AUM
KAUN,AUN
KAUO,AUO
KAUS,AUS
KAUW,AUW
KAVL,AVL
KAVO,AVO
KAVP,AVP
KAVQ,AVW
KAVX,AVX
KAWM,AWM
KAXA,AXG
KAXN,AXN
KAXS,AXS
KAXV,AXV
KAXX,AXX
KAYE,AYE
KAYS,AYS
KAYX,TUH
KAZO,AZO
KBAB,BAB
KBAD,BAD
KBAF,BAF
KBAK,CLU
KBAM,BAM
KBBB,BBB
KBBD,BBD
KBBP,BTN
KBBW,BBW
KBCB,BCB
KBCE,BCE
KBCT,BCT
KBDE,BDE
KBDG,BDG
KBDL,BDL
KBDR,BDR
KBDU,WBU
KBE,KBE
KBEC,BEC
KBED,BED
KBEH,BEH
KBFD,BFD
KBFF,BFF
KBFI,BFI
KBFL,BFL
KBFM,BFM
KBFR,BFR
KBGD,BGD
KBGE,BGE
KBGM,BGM
KBGR,BGR
KBHB,BHB
KBHM,BHM
KBID,BID
KBIE,BIE
KBIF,BIF
KBIH,BIH
KBIL,BIL
KBIS,BIS
KBIX,BIX
KBJC,BJC
KBJI,BJI
KBJJ,BJJ
KBKD,BKD
KBKE,BKE
KBKF,BFK
KBKL,BKL
KBKT,BKT
KBKW,BKW
KBKX,BKX
KBLF,BLF
KBLH,BLH
KBLI,BLI
KBLM,BLM
KBLU,BLU
KBLV,BLV
KBM,KBM
KBMC,BMC
KBMG,BMG
KBMI,BMI
KBML,BML
KBMT,BMT
KBNA,BNA
KBNG,BNG
KBNL,BNL
KBNO,BNO
KBNW,BNW
KBOI,BOI
KBOS,BOS
KBOW,BOW
KBPG,HCA
KBPI,BPI
KBPK,WMH
KBPT,BPT
KBQK,BQK
KBRD,BRD
KBRL,BRL
KBRO,BRO
KBRY,BRY
KBTF,BTF
KBTL,BTL
KBTM,BTM
KBTN,TTO
KBTP,BTP
KBTR,BTR
KBTV,BTV
KBTY,BTY
KBUB,BUB
KBUF,BUF
KBUM,BUM
KBUR,BUR
KBVI,BFP
KBVO,BVO
KBVS,MVW
KBVX,BVX
KBVY,BVY
KBWC,BWC
KBWD,BWD
KBWG,BWG
KBWI,BWI
KBWP,WAH
KBWW,BWM
KBXA,BXA
KBXK,BXK
KBYG,BYG
KBYH,BYH
KBYI,BYI
KBYS,BYS
KBYY,BBC
KBZN,BZN
KC02,XES
KC65,PLY
KC80,CLG
KCAD,CAD
KCAE,CAE
KCAG,CIG
KCAK,CAK
KCAO,CAO
KCAR,CAR
KCBE,CBE
KCBF,CBF
KCBK,CBK
KCBM,CBM
KCC,KCC
KCCB,CCB
KCCR,CCR
KCCY,CCY
KCDA,LLX
KCDC,CDC
KCDH,CDH
KCDN,CDN
KCDR,CDR
KCDS,CDS
KCDW,CDW
KCEA,CEA
KCEC,CEC
KCEF,CEF
KCEU,CEU
KCEV,CEV
KCEW,CEW
KCEY,CEY
KCEZ,CEZ
KCFD,CFD
KCFS,TZC
KCFT,CFT
KCFV,CFV
KCG,KCG
KCGE,CGE
KCGF,CGF
KCGI,CGI
KCGS,CGS
KCGX,CGX
KCGZ,CGZ
KCHA,CHA
KCHK,CHK
KCHO,CHO
KCHS,CHS
KCIC,CIC
KCID,CID
KCIN,CIN
KCIR,CIR
KCIU,CIU
KCKA,CKA
KCKB,CKB
KCKC,GRM
KCKM,CKM
KCKN,CKN
KCKV,CKV
KCL,KCL
KCLE,CLE
KCLI,CLI
KCLK,CLK
KCLL,CLL
KCLM,CLM
KCLR,CLR
KCLS,CLS
KCLT,CLT
KCLW,CLW
KCMH,CMH
KCMI,CMI
KCMX,CMX
KCMY,CMY
KCN,KCN
KCNH,CNH
KCNK,CNK
KCNM,CNM
KCNO,CNO
KCNU,CNU
KCNW,CNW
KCNY,CNY
KCOD,COD
KCOE,COE
KCOF,COF
KCOI,COI
KCOM,COM
KCON,CON
KCOS,COS
KCOT,COT
KCOU,COU
KCPM,CPM
KCPR,CPR
KCPS,CPS
KCQW,HCW
KCR,KCR
KCRE,CRE
KCRG,CRG
KCRO,CRO
KCRP,CRP
KCRQ,CLD
KCRS,CRS
KCRT,CRT
KCRW,CRW
KCRX,CRX
KCSG,CSG
KCSM,CSM
KCSQ,CSQ
KCSV,CSV
KCTB,CTB
KCTY,CTY
KCTZ,CTZ
KCUB,CUB
KCUH,CUH
KCVG,CVG
KCVK,CKK
KCVN,CVN
KCVO,CVO
KCVS,CVS
KCWA,CWA
KCWC,KIP
KCWF,CWF
KCWI,CWI
KCXL,CXL
KCXO,CXO
KCXP,CSN
KCXY,HAR
KCYS,CYS
KCZ,KCZ
KCZT,CZT
KD60,VEX
KDAA,DAA
KDAB,DAB
KDAG,DAG
KDAL,DAL
KDAN,DAN
KDAY,DAY
KDBN,DBN
KDBQ,DBQ
KDCA,DCA
KDCU,DCU
KDDC,DDC
KDEC,DEC
KDEH,DEH
KDEN,DEN
KDET,DET
KDFI,DFI
KDFW,DFW
KDGL,DGL
KDGW,DGW
KDHN,DHN
KDHT,DHT
KDIK,DIK
KDKK,DKK
KDLC,DLL
KDLF,DLF
KDLH,DLH
KDLN,DLN
KDLS,DLS
KDMA,DMA
KDMN,DMN
KDMO,DMO
KDNL,DNL
KDNN,DNN
KDNS,DNS
KDNV,DNV
KDOV,DOV
KDP,KDP
KDPA,DPA
KDPG,DPG
KDQ,KDQ
KDRA,DRA
KDRI,DRI
KDRM,DRE
KDRO,DRO
KDRT,DRT
KDS,KDS
KDSM,DSM
KDSV,DSV
KDTA,DTA
KDTL,DTL
KDTN,DTN
KDTS,DSI
KDTW,DTW
KDUA,DUA
KDUC,DUC
KDUG,DUG
KDUJ,DUJ
KDVL,DVL
KDVN,DVN
KDVO,NOT
KDVP,NSL
KDVT,DVT
KDW,KDW
KDWF,DWF
KDWH,DWH
KDXR,DXR
KDYL,DYL
KDYS,DYS
KDZ,KDZ
KE-0060,JJM
KE-0069,VPG
KE-0133,KTJ
KE-6112,ANA
KE-6208,OLX
KE-6978,KRV
KE-KIU,KIU
KE-LBK,LBK
KE-LBN,LBN
KE-LKU,LKU
KE-MRE,MRE
KE-MUM,MUM
KE01,MIF
KE13,CCG
KE14,ESO
KE24,WTR
KE38,ALE
KE51,BGT
KEAN,EAN
KEAR,EAR
KEAT,EAT
KEAU,EAU
KEB,KEB
KEBS,EBS
KECG,ECG
KECP,ECP
KECS,ECS
KEDE,EDE
KEDN,ETS
KEDW,EDW
KEED,EED
KEEN,EEN
KEFD,EFD
KEFK,EFK
KEFW,EFW
KEG,KEG
KEGE,EGE
KEGI,EGI
KEGV,EGV
KEK,KEK
KEKA,EKA
KEKM,EKI
KEKN,EKN
KEKO,EKO
KEKX,EKX
KELA,ELA
KELD,ELD
KELK,ELK
KELM,ELM
KELN,ELN
KELO,LYU
KELP,ELP
KELY,ELY
KELZ,ELZ
KEMM,EMM
KEMP,EMP
KEMT,EMT
KEND,END
KENL,ENL
KENV,ENV
KENW,ENW
KEOK,EOK
KEPH,EPH
KEQA,EDK
KERI,ERI
KERR,ERR
KERV,ERV
KESC,ESC
KESF,ESF
KESN,ESN
KEST,EST
KESW,ESW
KETB,ETB
KETN,ETN
KEUF,EUF
KEUG,EUG
KEVM,EVM
KEVV,EVV
KEVW,EVW
KEWB,EWB
KEWK,EWK
KEWN,EWN
KEWR,EWR
KEX,KEX
KEYW,EYW
KEZ,KEZ
KF05,WIB
KF70,RBK
KFAF,FAF
KFAM,FAM
KFAR,FAR
KFAT,FAT
KFAY,FAY
KFBG,FBG
KFBL,FBL
KFBR,FBR
KFBY,FBY
KFCH,FCH
KFCM,FCM
KFCS,FCS
KFCY,FCY
KFDK,FDK
KFDR,FDR
KFDY,FDY
KFEP,FEP
KFET,FET
KFFA,FFA
KFFL,FFL
KFFM,FFM
KFFO,FFO
KFFT,FFT
KFFZ,MSC
KFHR,FRD
KFHU,FHU
KFKL,FKL
KFKN,FKN
KFLD,FLD
KFLG,FLG
KFLL,FLL
KFLO,FLO
KFLP,FLP
KFLU,FLU
KFLV,FLV
KFLX,FLX
KFME,FME
KFMH,FMH
KFMN,FMN
KFMY,FMY
KFNL,FNL
KFNT,FNT
KFOD,FOD
KFOE,FOE
KFOK,FOK
KFOM,FIL
KFPR,FPR
KFRG,FRG
KFRH,FRH
KFRI,FRI
KFRM,FRM
KFRR,FRR
KFSD,FSD
KFSI,FSI
KFSK,FSK
KFSM,FSM
KFST,FST
KFSU,FSU
KFSW,FMS
KFTK,FTK
KFTW,FTW
KFTY,FTY
KFUL,FUL
KFVE,WFK
KFWA,FWA
KFXE,FXE
KFXY,FXY
KFYM,FYM
KFYV,FYV
KGAD,GAD
KGAG,GAG
KGAI,GAI
KGBD,GBD
KGBG,GBG
KGBR,GBR
KGCC,GCC
KGCD,JDA
KGCK,GCK
KGCN,GCN
KGCY,GCY
KGDM,GDM
KGDV,GDV
KGDW,GDW
KGED,GED
KGEG,GEG
KGEY,GEY
KGFA,GFA
KGFK,GFK
KGFL,GFL
KGGE,GGE
KGGG,GGG
KGGW,GGW
KGHM,GHM
KGIF,GIF
KGJT,GJT
KGKJ,MEJ
KGKT,GKT
KGLD,GLD
KGLE,GLE
KGLH,GLH
KGLR,GLR
KGLS,GLS
KGLW,GLW
KGMU,GMU
KGNG,GNG
KGNT,GNT
KGNV,GNV
KGOK,GOK
KGON,GON
KGPI,FCA
KGPT,GPT
KGPZ,GPZ
KGQQ,GQQ
KGRB,GRB
KGRD,GRD
KGRE,GRE
KGRF,GRF
KGRI,GRI
KGRK,GRK
KGRN,GRN
KGRR,GRR
KGSB,GSB
KGSH,GSH
KGSO,GSO
KGSP,GSP
KGSW,GSW
KGTF,GTF
KGTG,GTG
KGTR,GTR
KGUC,GUC
KGUP,GUP
KGUS,GUS
KGUY,GUY
KGVL,GVL
KGVT,GVT
KGVW,GVW
KGW,KGW
KGWO,GWO
KGWS,GWS
KGX,KGX
KGXY,GXY
KGYH,GDC
KGYI,PNX
KGYR,GYR
KGYY,GYY
KGZ,KGZ
KHAB,HAB
KHAF,HAF
KHAI,HAI
KHAO,HAO
KHAX,HAX
KHBG,HBG
KHBR,HBR
KHDE,HDE
KHDN,HDN
KHEE,HEE
KHEF,MNZ
KHEZ,HEZ
KHFD,HFD
KHFF,HFF
KHGR,HGR
KHHR,HHR
KHHW,HUJ
KHIB,HIB
KHIE,HIE
KHIF,HIF
KHII,HII
KHIO,HIO
KHKA,HKA
KHKS,HKS
KHKY,HKY
KHL,KHL
KHLB,HLB
KHLC,HLC
KHLG,HLG
KHLM,HLM
KHLN,HLN
KHLR,HLR
KHMN,HMN
KHMT,HMT
KHNB,HNB
KHND,HSH
KHOB,HOB
KHON,HON
KHOP,HOP
KHOT,HOT
KHOU,HOU
KHPN,HPN
KHPT,HPT
KHPY,HPY
KHQM,HQM
KHRI,HES
KHRL,HRL
KHRO,HRO
KHSB,HSB
KHSE,HNC
KHSG,THP
KHSI,HSI
KHSP,HSP
KHST,HST
KHSV,HSV
KHTH,HTH
KHTL,HTL
KHTO,HTO
KHTS,HTS
KHTW,HTW
KHUA,HUA
KHUF,HUF
KHUL,HUL
KHUM,HUM
KHUT,HUT
KHVE,HVE
KHVN,HVN
KHVR,HVR
KHVS,HVS
KHWD,HWD
KHWO,HWO
KHWV,WSH
KHXD,HHH
KHYA,HYA
KHYR,HYR
KHYS,HYS
KHZL,HZL
KHZY,JFN
KIA,KIA
KIAB,IAB
KIAD,IAD
KIAG,IAG
KIAH,IAH
KIB,KIB
KICL,ICL
KICT,ICT
KIDA,IDA
KIDI,IDI
KIDP,IDP
KIEN,XPR
KIFA,IFA
KIFP,IFP
KIGM,IGM
KIKK,IKK
KIL,KIL
KILE,ILE
KILG,ILG
KILM,ILM
KILN,ILN
KIML,IML
KIMM,IMM
KIMS,MDN
KIMT,IMT
KIND,IND
KINK,INK
KINL,INL
KINS,INS
KINT,INT
KINW,INW
KIOW,IOW
KIPL,IPL
KIPT,IPT
KIQ,KIQ
KIRK,IRK
KIRS,IRS
KISM,ISM
KISN,ISN
KISO,ISO
KISP,ISP
KISQ,ISQ
KISW,ISW
KITH,ITH
KIWA,AZA
KIWD,IWD
KIWI,ISS
KIWS,IWS
KIXD,JCI
KIYK,IYK
KIZ,KIZ
KIZA,SQA
KIZG,FRY
KJAC,JAC
KJAN,JAN
KJAS,JAS
KJAX,JAX
KJBR,JBR
KJCT,JCT
KJDN,JDN
KJEF,JEF
KJFK,JFK
KJHW,JHW
KJKA,GUF
KJLN,JLN
KJMS,JMS
KJOT,JOT
KJQF,USA
KJSO,JKV
KJST,JST
KJU,KJU
KJVL,JVL
KJXN,JXN
KKB,KKB
KKIC,KIC
KKL,KKL
KKLS,KLS
KKU,KKU
KL06,DTH
KL08,BXS
KL35,RBF
KL72,TRH
KLAA,LAA
KLAF,LAF
KLAL,LAL
KLAM,LAM
KLAN,LAN
KLAR,LAR
KLAS,LAS
KLAW,LAW
KLAX,LAX
KLBB,LBB
KLBE,LBE
KLBF,LBF
KLBL,LBL
KLBT,LBT
KLBX,LJN
KLCH,LCH
KLCI,LCI
KLCK,LCK
KLCQ,LCQ
KLDJ,LDJ
KLDM,LDM
KLEB,LEB
KLEE,LEE
KLEM,LEM
KLEW,LEW
KLEX,LEX
KLFI,LFI
KLFK,LFK
KLFT,LFT
KLGA,LGA
KLGB,LGB
KLGC,LGC
KLGD,LGD
KLGF,LGF
KLGU,LGU
KLHC,LHC
KLHV,LHV
KLHW,LIY
KLHZ,LFN
KLIC,LIC
KLIT,LIT
KLKP,LKP
KLKU,LOW
KLKV,LKV
KLLJ,CHL
KLMS,LMS
KLMT,LMT
KLNA,LNA
KLND,LND
KLNK,LNK
KLNN,LNN
KLNP,LNP
KLNR,LNR
KLNS,LNS
KLOL,LOL
KLOM,BBX
KLOT,LOT
KLOU,LOU
KLOZ,LOZ
KLPC,LPC
KLQK,LQK
KLRD,LRD
KLRF,LRF
KLRJ,LRJ
KLRU,LRU
KLSB,LSB
KLSE,LSE
KLSF,LSF
KLSK,LSK
KLSN,LSN
KLSV,LSV
KLTS,LTS
KLUF,LUF
KLUK,LUK
KLUL,LUL
KLVK,LVK
KLVL,LVL
KLVM,LVM
KLVS,LVS
KLWB,LWB
KLWC,LWC
KLWL,LWL
KLWM,LWM
KLWS,LWS
KLWT,LWT
KLWV,LWV
KLXN,LXN
KLXV,LXV
KLYH,LYH
KLYO,LYO
KLZU,LZU
KM13,PCU
KM75,MLK
KMAC,MAC
KMAE,MAE
KMAF,MAF
KMAW,MAW
KMB,KMB
KMBG,MBG
KMBL,MBL
KMBO,DXE
KMBS,MBS
KMBY,MBY
KMCB,MCB
KMCC,MCC
KMCD,MCD
KMCE,MCE
KMCF,MCF
KMCI,MCI
KMCK,MCK
KMCN,MCN
KMCO,MCO
KMCW,MCW
KMDA,MDA
KMDD,MDD
KMDH,MDH
KMDS,XMD
KMDT,MDT
KMDW,MDW
KMDZ,MDF
KMEB,MXE
KMEI,MEI
KMEM,MEM
KMER,MER
KMEV,MEV
KMF,KMF
KMFD,MFD
KMFE,MFE
KMFI,MFI
KMFR,MFR
KMFV,MFV
KMGC,MGC
KMGE,MGE
KMGJ,MGJ
KMGM,MGM
KMGR,MGR
KMGW,MGW
KMGY,MGY
KMHE,MHE
KMHK,MHK
KMHL,MHL
KMHR,MHR
KMHT,MHT
KMHV,MHV
KMIA,MIA
KMIB,MIB
KMIE,MIE
KMIT,MIT
KMIV,MIV
KMJX,MJX
KMKC,MKC
KMKE,MKE
KMKG,MKG
KMKL,MKL
KMKY,MRK
KMLB,MLB
KMLC,MLC
KMLI,MLI
KMLS,MLS
KMLU,MLU
KMM,KMM
KMMH,MMH
KMMI,MMI
KMML,MML
KMMS,MMS
KMMT,MMT
KMMU,MMU
KMNM,MNM
KMNN,MNN
KMOB,MOB
KMOD,MOD
KMOT,MOT
KMPI,RMY
KMPJ,MPJ
KMPO,MPO
KMPV,MPV
KMPZ,MPZ
KMQB,MQB
KMQI,MEO
KMQS,CTH
KMQY,MQY
KMRB,MRB
KMRC,MRC
KMRF,MRF
KMRN,MRN
KMRY,MRY
KMSL,MSL
KMSN,MSN
KMSO,MSO
KMSP,MSP
KMSS,MSS
KMSV,MSV
KMSY,MSY
KMT,KMT
KMTC,MTC
KMTH,MTH
KMTJ,MTJ
KMTN,MTN
KMTO,MTO
KMTP,MTP
KMTW,MTW
KMUI,MUI
KMUO,MUO
KMUT,MUT
KMVC,MVC
KMVE,MVE
KMVL,MVL
KMVY,MVY
KMWA,MWA
KMWC,MWC
KMWH,MWH
KMWL,MWL
KMWO,MWO
KMXA,MXA
KMXF,MXF
KMYF,MYF
KMYL,MYL
KMYR,MYR
KMYV,MYV
KMZJ,MZJ
KMZZ,MZZ
KN03,CTX
KN23,SXY
KN53,ESP
KNBG,NBG
KNBJ,NHX
KNDY,DGN
KNEL,NEL
KNEN,NEN
KNEW,NEW
KNFL,NFL
KNFW,FWH
KNGU,NGU
KNGZ,NGZ
KNHK,NHK
KNHZ,NHZ
KNIP,NIP
KNJK,NJK
KNKX,NKX
KNL,KNL
KNLC,NLC
KNPA,NPA
KNQA,NQA
KNQI,NQI
KNQX,NQX
KNRB,NRB
KNRS,NRS
KNSE,NSE
KNTD,NTD
KNTU,NTU
KNUQ,NUQ
KNUW,NUW
KNYL,YUM
KNZY,NZY
KO02,NVN
KO22,COA
KO27,ODC
KO43,EYR
KOAJ,OAJ
KOAK,OAK
KOAR,OAR
KOBE,OBE
KOCF,OCF
KOCH,OCH
KOCW,OCW
KOEA,OEA
KOEO,OEO
KOFF,OFF
KOFK,OFK
KOGA,OGA
KOGB,OGB
KOGD,OGD
KOGS,OGS
KOIC,OIC
KOIL,OIL
KOJC,OJC
KOKB,OCN
KOKC,OKC
KOKH,ODW
KOKK,OKK
KOKM,OKM
KOKS,OKS
KOKV,WGO
KOL,KOL
KOLD,OLD
KOLF,OLF
KOLM,OLM
KOLS,OLS
KOLV,OLV
KOM,KOM
KOMA,OMA
KOMK,OMK
KONL,ONL
KONO,ONO
KONP,ONP
KONT,ONT
KOPF,OPF
KOQU,NCO
KOR,KOR
KORD,ORD
KORF,ORF
KORH,ORH
KORL,ORL
KORS,ESD
KOSC,OSC
KOSH,OSH
KOSU,OSU
KOTH,OTH
KOTM,OTM
KOUN,OUN
KOVE,OVE
KOWA,OWA
KOWB,OWB
KOWD,OWD
KOWK,OWK
KOXB,OCE
KOXC,OXC
KOXD,OXD
KOXR,OXR
KOY,KOY
KOYM,STQ
KOZA,OZA
KOZR,OZR
KP-0029,YJS
KP-0032,RGO
KP04,BSQ
KP10,PXL
KP13,GLB
KP14,HBK
KP33,CWX
KPAE,PAE
KPAH,PAH
KPAM,PAM
KPAN,PJB
KPAO,PAO
KPB,KPB
KPBF,PBF
KPBG,PBG
KPBI,PBI
KPBX,PVL
KPDC,PCD
KPDK,PDK
KPDT,PDT
KPDX,PDX
KPE,KPE
KPEQ,PEQ
KPGA,PGA
KPGD,PGD
KPGR,PGR
KPGV,PGV
KPHD,PHD
KPHF,PHF
KPHH,ADR
KPHK,PHK
KPHL,PHL
KPHN,PHN
KPHP,PHP
KPHT,PHT
KPHX,PHX
KPIA,PIA
KPIB,PIB
KPIE,PIE
KPIH,PIH
KPIM,PIM
KPIR,PIR
KPIT,PIT
KPKB,PKB
KPKD,PKD
KPKF,PKF
KPL,KPL
KPLB,PLB
KPLK,PLK
KPLN,PLN
KPLR,PLR
KPMB,PMB
KPMD,PMD
KPMH,PMH
KPMP,PPM
KPNA,PWY
KPNC,PNC
KPNE,PNE
KPNN,PNN
KPNS,PNS
KPOB,POB
KPOC,POC
KPOE,POE
KPOF,POF
KPOU,POU
KPOY,POY
KPPA,PPA
KPPF,PPF
KPPO,LPO
KPQI,PQI
KPQL,PGL
KPR,KPR
KPRB,PRB
KPRC,PRC
KPRO,PRO
KPRX,PRX
KPSC,PSC
KPSF,PSF
KPSK,PSK
KPSM,PSM
KPSN,PSN
KPSO,PGO
KPSP,PSP
KPSX,PSX
KPTB,PTB
KPTK,PTK
KPTN,PTN
KPTT,PTT
KPTV,PTV
KPTW,PTW
KPUB,PUB
KPUC,PUC
KPUW,PUW
KPVC,PVC
KPVD,PVD
KPVF,PVF
KPVU,PVU
KPVW,PVW
KPVZ,PVZ
KPWA,PWA
KPWD,PWD
KPWK,PWK
KPWM,PWM
KPWT,PWT
KPY,KPY
KPYM,PYM
KQA,KQA
KQL,KQL
KR-0018,JCJ
KRAC,RAC
KRAL,RAL
KRAP,RAP
KRBD,RBD
KRBG,RBG
KRBL,RBL
KRBW,RBW
KRCA,RCA
KRCK,RCK
KRCR,RCR
KRCT,RCT
KRDD,RDD
KRDG,RDG
KRDM,RDM
KRDR,RDR
KRDU,RDU
KREO,REO
KRFD,RFD
KRHI,RHI
KRHV,RHV
KRIC,RIC
KRIL,RIL
KRIV,RIV
KRIW,RIW
KRJ,KRJ
KRKD,RKD
KRKP,RKP
KRKS,RKS
KRKW,RKW
KRME,RME
KRMG,RMG
KRNC,RNC
KRND,RND
KRNO,RNO
KRNT,RNT
KROA,ROA
KROC,ROC
KROG,ROG
KROW,ROW
KROX,ROX
KRPD,RIE
KRPX,RPX
KRQB,WBR
KRQO,RQO
KRRL,RRL
KRRT,RRT
KRSL,RSL
KRSN,RSN
KRST,RST
KRSW,RSW
KRTN,RTN
KRU,KRU
KRUQ,SRW
KRUT,RUT
KRVL,RED
KRVS,RVS
KRWF,RWF
KRWI,RWI
KRWL,RWL
KRXE,RXE
KRZL,RNZ
KRZZ,RZZ
KS03,AHM
KS05,BDY
KS21,SUO
KS33,MDJ
KS39,PRZ
KS80,IDH
KS98,VSK
KSAA,SAA
KSAC,SAC
KSAD,SAD
KSAF,SAF
KSAN,SAN
KSAR,SAR
KSAT,SAT
KSAV,SAV
KSAW,MQT
KSBA,SBA
KSBD,SBD
KSBM,SBM
KSBN,SBN
KSBP,SBP
KSBS,SBS
KSBX,SBX
KSBY,SBY
KSCB,SCB
KSCH,SCH
KSCK,SCK
KSDF,SDF
KSDL,SCF
KSDM,SDM
KSDY,SDY
KSEA,SEA
KSEE,SEE
KSEF,SEF
KSEG,SEG
KSEM,SEM
KSEP,SEP
KSER,SER
KSEZ,SDX
KSFB,SFB
KSFF,SFF
KSFM,SFM
KSFO,SFO
KSFZ,SFZ
KSG,KSG
KSGF,SGF
KSGH,SGH
KSGJ,UST
KSGR,SGR
KSGT,SGT
KSGU,SGU
KSHD,SHD
KSHN,SHN
KSHR,SHR
KSHV,SHV
KSIK,SIK
KSIV,SIV
KSJC,SJC
KSJN,SJN
KSJT,SJT
KSKA,SKA
KSKF,SKF
KSKX,TSM
KSKY,SKY
KSLB,SLB
KSLC,SLC
KSLE,SLE
KSLG,SLG
KSLK,SLK
KSLN,SLN
KSLO,SLO
KSLR,SLR
KSMD,SMD
KSME,SME
KSMF,SMF
KSMN,SMN
KSMO,SMO
KSMS,SUM
KSMX,SMX
KSNA,SNA
KSNK,SNK
KSNL,SNL
KSNS,SNS
KSNY,SNY
KSOP,SOP
KSOW,SOW
KSP,KSP
KSPA,SPA
KSPF,SPF
KSPG,SPG
KSPI,SPI
KSPS,SPS
KSPW,SPW
KSPX,SPX
KSQI,SQI
KSQL,SQL
KSRQ,SRQ
KSRR,RUI
KSSC,SSC
KSSF,SSF
KSSI,SSI
KSTC,STC
KSTE,STE
KSTJ,STJ
KSTK,STK
KSTL,STL
KSTP,STP
KSTS,STS
KSUA,SUA
KSUD,SUD
KSUE,SUE
KSUN,SUN
KSUS,SUS
KSUU,SUU
KSUW,SUW
KSUX,SUX
KSVC,SVC
KSVE,SVE
KSVH,SVH
KSVN,SVN
KSWF,SWF
KSWO,SWO
KSWW,SWW
KSYI,SYI
KSYR,SYR
KSYV,SYV
KSZL,SZL
KT03,TBC
KTAD,TAD
KTB,KTB
KTBN,TBN
KTBR,TBR
KTC,KTC
KTCC,TCC
KTCL,TCL
KTCM,TCM
KTCS,TCS
KTDO,TDO
KTDW,TDW
KTDZ,TDZ
KTEB,TEB
KTEX,TEX
KTHA,THA
KTHM,THM
KTHV,THV
KTIK,TIK
KTIW,TIW
KTIX,TIX
KTK,KTK
KTKX,KNT
KTLH,TLH
KTLR,TLR
KTMA,TMA
KTMB,TMB
KTMK,OTK
KTNP,TNP
KTNT,TNT
KTNU,TNU
KTNX,XSD
KTOA,TOA
KTOC,TOC
KTOI,TOI
KTOL,TOL
KTOP,TOP
KTOR,TOR
KTPA,TPA
KTPF,TPF
KTPH,TPH
KTPL,TPL
KTRI,TRI
KTRK,TKF
KTRL,TRL
KTRM,TRM
KTSP,TSP
KTTD,TTD
KTTN,TTN
KTUL,TUL
KTUP,TUP
KTUS,TUS
KTVC,TVC
KTVF,TVF
KTVI,TVI
KTVL,TVL
KTWF,TWF
KTXK,TXK
KTYL,TYZ
KTYR,TYR
KTYS,TYS
KU07,BFG
KU14,NPH
KU34,RVR
KU55,PNU
KU70,ICS
KUBS,UBS
KUCA,UCA
KUCY,UCY
KUDD,UDD
KUES,UES
KUGN,UGN
KUIL,UIL
KUIN,UIN
KUIZ,UIZ
KUKF,IKB
KUKI,UKI
KUKT,UKT
KULM,ULM
KUNI,ATO
KUNU,UNU
KUNV,SCE
KUOS,UOS
KUOX,UOX
KUP,KUP
KUTA,UTM
KUTS,HTV
KUUU,NPT
KUVA,UVA
KUX,KUX
KUZA,RKH
KVAD,VAD
KVAY,LLY
KVBG,VBG
KVCT,VCT
KVCV,VCV
KVDI,VDI
KVE,KVE
KVEL,VEL
KVGT,VGT
KVHN,VHN
KVIH,VIH
KVIS,VIS
KVJI,VJI
KVKS,VKS
KVLA,VLA
KVLD,VLD
KVNC,VNC
KVNY,VNY
KVOK,VOK
KVPS,VPS
KVPZ,VPZ
KVQQ,VQQ
KVRB,VRB
KVSF,VSF
KVTN,VTN
KVYS,VYS
KW05,GTY
KW28,SQV
KW99,PGC
KWAL,WAL
KWAY,WAY
KWBW,WBW
KWDG,WDG
KWDR,WDR
KWF,KWF
KWHP,WHP
KWJF,WJF
KWLD,WLD
KWLW,WLW
KWMC,WMC
KWP,KWP
KWRB,WRB
KWRI,WRI
KWRL,WRL
KWSD,WSD
KWST,WST
KWV,KWV
KWVI,WVI
KWVL,WVL
KWWD,WWD
KWWR,WWR
KWX,KWX
KWY,KWY
KWYS,WYS
KX39,KYO
KXA,KXA
KXNA,XNA
KY31,WBK
KYIP,YIP
KYKM,YKM
KYKN,YKN
KYL,KYL
KYNG,YNG
KZ-0016,TDK
KZ-0067,BXY
KZ-ATX,ATX
KZB,KZB
KZF,KZF
KZPH,ZPH
KZZV,ZZV
LAC,LAC
LATI,TIA
LBBG,BOJ
LBGO,GOZ
LBH,LBH
LBM,LBM
LBPD,PDV
LBRS,ROU
LBSF,SOF
LBSS,SLS
LBSZ,SZR
LBTG,TGV
LBWN,VAR
LCEN,ECN
LCLK,LCA
LCP,LCP
LCPH,PFO
LCRA,AKT
LDDU,DBV
LDLO,LSZ
LDOS,OSI
LDPL,PUY
LDRI,RJK
LDSB,BWK
LDSP,SPU
LDW,LDW
LDZA,ZAG
LDZD,ZAD
LEAB,ABC
LEAL,ALC
LEAM,LEI
LEAS,OVD
LEBA,ODB
LEBB,BIO
LEBG,RGS
LEBL,BCN
LEBZ,BJZ
LECH,CDT
LECO,LCG
LECU,ECV
LEDA,ILD
LEGE,GRO
LEGR,GRX
LEHC,HSK
LEIB,IBZ
LEJR,XRY
LELC,MJV
LELL,QSA
LELN,LEN
LELO,RJL
LEMD,MAD
LEMG,AGP
LEMH,MAH
LEMO,OZP
LEO,LEO
LEPA,PMI
LEPP,PNA
LERL,CQM
LERS,REU
LERT,ROZ
LESA,SLM
LESO,EAS
LEST,SCQ
LESU,LEU
LETL,TEV
LETO,TOJ
LEVC,VLC
LEVD,VLL
LEVT,VIT
LEVX,VGO
LEXJ,SDR
LEZG,ZAZ
LEZL,SVQ
LFAB,DPE
LFAC,CQF
LFAQ,BYF
LFAT,LTQ
LFAV,XVS
LFBA,AGF
LFBD,BOD
LFBE,EGC
LFBG,CNG
LFBH,LRH
LFBI,PIS
LFBK,MCU
LFBL,LIG
LFBN,NIT
LFBO,TLS
LFBP,PUF
LFBT,LDE
LFBU,ANG
LFBX,PGX
LFBY,XDA
LFBZ,BIQ
LFCC,ZAO
LFCI,LBI
LFCK,DCM
LFCR,RDZ
LFCY,RYN
LFDB,XMW
LFDN,RCO
LFEY,IDY
LFGA,CMR
LFGJ,DLE
LFHM,MVV
LFHO,OBS
LFHP,LPY
LFHU,AHZ
LFJL,ETZ
LFJR,ANE
LFKB,BIA
LFKC,CLY
LFKF,FSC
LFKJ,AJA
LFKO,PRP
LFKS,SOZ
LFKX,MFX
LFLA,AUF
LFLB,CMF
LFLC,CFE
LFLD,BOU
LFLI,QNJ
LFLJ,CVF
LFLL,LYS
LFLN,SYT
LFLO,RNE
LFLP,NCY
LFLS,GNB
LFLU,VAF
LFLV,VHY
LFLW,AUR
LFLX,CHR
LFLY,LYN
LFMD,CEQ
LFMH,EBU
LFMK,CCF
LFML,MRS
LFMN,NCE
LFMO,XOG
LFMP,PGF
LFMQ,CTT
LFMR,BAE
LFMT,MPL
LFMU,BZR
LFMV,AVN
LFNA,GAT
LFNB,MEN
LFNC,SCP
LFOB,BVA
LFOE,EVX
LFOH,LEH
LFOI,XAB
LFOJ,ORE
LFOK,XCR
LFOO,LSO
LFOP,URO
LFOT,TUF
LFOU,CET
LFOV,LVA
LFPB,LBG
LFPC,CSF
LFPD,XBX
LFPG,CDG
LFPI,JDP
LFPN,TNF
LFPO,ORY
LFPT,POX
LFPV,VIY
LFQG,NVS
LFQJ,XME
LFQQ,LIL
LFQT,HZB
LFQV,XCZ
LFRB,BES
LFRC,CER
LFRD,DNR
LFRE,LBY
LFRF,GFR
LFRG,DOL
LFRH,LRT
LFRI,EDM
LFRJ,LDV
LFRK,CFR
LFRM,LME
LFRN,RNS
LFRO,LAI
LFRQ,UIP
LFRS,NTE
LFRT,SBK
LFRU,MXN
LFRV,VNE
LFRZ,SNR
LFSB,BSL
LFSD,DIJ
LFSF,MZM
LFSG,EPL
LFSL,BVE
LFSN,ENC
LFSQ,BOR
LFSR,RHE
LFST,SXB
LFTH,TLN
LFTU,FRJ
LFTW,FNI
LFTZ,LTT
LFVM,MQC
LFVP,FSP
LGAD,PYR
LGAG,AGQ
LGAL,AXD
LGAT,HEW
LGAV,ATH
LGBL,VOL
LGE,LGE
LGHI,JKH
LGHL,PKH
LGIK,JIK
LGIO,IOA
LGIR,HER
LGKA,KSO
LGKC,KIT
LGKF,EFL
LGKJ,KZS
LGKL,KLX
LGKO,KGS
LGKP,AOK
LGKR,CFU
LGKS,KSJ
LGKV,KVA
LGKY,JKL
LGKZ,KZI
LGLE,LRS
LGLM,LXS
LGLR,LRA
LGM,LGM
LGMK,JMK
LGML,MLO
LGMT,MJT
LGN,LGN
LGNX,JNX
LGPA,PAS
LGPL,JTY
LGPZ,PVK
LGRP,RHO
LGRX,GPA
LGSA,CHQ
LGSK,JSI
LGSM,SMI
LGSO,JSY
LGSP,SPJ
LGSR,JTR
LGST,JSH
LGSY,SKU
LGTS,SKG
LGZA,ZTH
LHBP,BUD
LHDC,DEB
LHMC,MCQ
LHP,LHP
LHPP,PEV
LHSM,SOB
LHTA,TZR
LIAP,QAQ
LIBC,CRV
LIBD,BRI
LIBF,FOG
LIBG,TAR
LIBN,LCC
LIBP,PSR
LIBR,BDS
LICA,SUF
LICB,CIY
LICC,CTA
LICD,LMP
LICG,PNL
LICJ,PMO
LICR,REG
LICT,TPS
LICZ,NSY
LIDB,BLX
LIDI,CDF
LIDR,RAN
LIEA,AHO
LIED,DCI
LIEE,CAG
LIEO,OLB
LIER,FNU
LIET,TTB
LIMC,MXP
LIME,BGY
LIMF,TRN
LIMG,ALL
LIMJ,GOA
LIML,LIN
LIMP,PMF
LIMW,AOT
LIMZ,CUF
LIPA,AVB
LIPB,BZO
LIPD,UDN
LIPE,BLQ
LIPH,TSF
LIPK,FRL
LIPO,VBS
LIPQ,TRS
LIPR,RMI
LIPT,VIC
LIPU,QPA
LIPX,VRN
LIPY,AOI
LIPZ,VCE
LIQL,LCV
LIQN,QRT
LIQS,SAY
LIQW,QLP
LIRA,CIA
LIRF,FCO
LIRI,QSR
LIRJ,EBA
LIRL,QLT
LIRN,NAP
LIRP,PSA
LIRQ,FLR
LIRS,GRS
LIRZ,PEG
LJLJ,LJU
LJMB,MBX
LJPZ,POW
LKC,LKC
LKHO,GTW
LKKU,UHE
LKKV,KLV
LKMR,MKA
LKMT,OSR
LKOL,OLO
LKPD,PED
LKPO,PRV
LKPR,PRG
LKTB,BRQ
LKVO,VOD
LKZA,ZBE
LLAZ,GHK
LLBG,TLV
LLBS,BEV
LLER,ETM
LLET,ETH
LLEY,EIY
LLH,LLH
LLHA,HFA
LLIB,RPN
LLKS,KSW
LLL,LLL
LLMZ,MTZ
LLNV,VTM
LLOV,VDA
LLRM,MIP
LLSD,SDV
LLYO,YOT
LMC,LMC
LMMG,GZM
LMML,MLA
LMZ,LMZ
LNC,LNC
LNF,LNF
LNM,LNM
LNMC,MCM
LNQ,LNQ
LOF,LOF
LOIH,HOH
LOM,LOM
LOR,LOR
LOWG,GRZ
LOWI,INN
LOWK,KLU
LOWL,LNZ
LOWS,SZG
LOWW,VIE
LPAR,AVR
LPAZ,SMA
LPBG,BGC
LPBJ,BYJ
LPBR,BGZ
LPCH,CHV
LPCR,CVU
LPCS,CAT
LPFL,FLW
LPFR,FAO
LPGR,GRW
LPHR,HOR
LPLA,TER
LPMA,FNC
LPMR,QLR
LPPD,PDL
LPPI,PIX
LPPM,PRM
LPPR,OPO
LPPS,PXO
LPPT,LIS
LPSI,SIE
LPSJ,SJZ
LPVR,VRL
LPVZ,VSE
LQBK,BNX
LQMO,OMO
LQSA,SJJ
LQTZ,TZL
LRAR,ARW
LRBC,BCM
LRBM,BAY
LRBS,BBU
LRCK,CND
LRCL,CLJ
LRCS,CSB
LRCV,CRA
LRIA,IAS
LRO,LRO
LROD,OMR
LROP,OTP
LRSB,SBZ
LRSM,SUJ
LRSV,SCV
LRTC,TCE
LRTM,TGM
LRTR,TSR
LSGG,GVA
LSGN,QNC
LSGS,SIR
LSME,EML
LSMI,ZIN
LSZA,LUG
LSZB,BRN
LSZC,BXO
LSZD,ACO
LSZG,ZHI
LSZH,ZRH
LSZL,ZJI
LSZR,ACH
LSZS,SMV
LT86,GKD
LTAC,ESB
LTAD,ANK
LTAF,ADA
LTAG,UAB
LTAH,AFY
LTAI,AYT
LTAJ,GZT
LTAL,KFS
LTAN,KYA
LTAP,MZH
LTAR,VAS
LTAS,ONQ
LTAT,MLX
LTAU,ASR
LTAW,TJK
LTAY,DNZ
LTAZ,NAV
LTB,LTB
LTBA,ISL
LTBD,CII
LTBE,BTZ
LTBF,BZI
LTBG,BDM
LTBH,CKZ
LTBI,ESK
LTBJ,ADB
LTBL,IGL
LTBO,USQ
LTBQ,KCO
LTBR,YEI
LTBS,DLM
LTBU,TEQ
LTBV,BXN
LTBY,AOE
LTBZ,KZR
LTCA,EZS
LTCC,DIY
LTCD,ERC
LTCE,ERZ
LTCF,KSY
LTCG,TZX
LTCH,SFQ
LTCI,VAN
LTCJ,BAL
LTCK,MSR
LTCL,SXZ
LTCM,NOP
LTCN,KCM
LTCO,AJI
LTCP,ADF
LTCR,MQM
LTCS,GNY
LTCV,NKT
LTCW,YKO
LTDA,HTY
LTF,LTF
LTFC,ISE
LTFD,EDO
LTFE,BJV
LTFH,SZF
LTFJ,SAW
LTGP,GZP
LTH,LTH
LUBL,BZY
LUKK,KIV
LUZ,LUZ
LVB,LVB
LVGZ,GZA
LWA,LWA
LWOH,OHD
LWSK,SKP
LXGB,GIB
LY-BCQ,BCQ
LY-DNF,DNF
LY-MRA,MRA
LY-QUB,QUB
LYBE,BEG
LYBR,IVG
LYBT,BJY
LYNI,INI
LYNS,QND
LYPG,TGD
LYTV,TIV
LZIB,BTS
LZKZ,KSC
LZLU,LUE
LZPP,PZY
LZPW,POV
LZSL,SLD
LZTT,TAT
LZZI,ILZ
M26,DRU
MA-GLN,GLN
MA53,UWA
MAP,MAP
MBGT,GDT
MBMC,MDS
MBNC,NCA
MBPI,PIC
MBPV,PLS
MBSC,XSC
MBSY,SLX
MDBH,BRX
MDCR,CBJ
MDCY,AZS
MDCZ,COZ
MDHE,HEX
MDJB,JBQ
MDLR,LRM
MDPC,PUJ
MDPO,EPS
MDPP,POP
MDR,MDR
MDSD,SDQ
MDSJ,SJM
MDST,STI
MDV,MDV
ME16,LIZ
MEF,MEF
MG-0001,OHB
MG-DOA,DOA
MGCB,CBV
MGCR,CMM
MGCT,CTF
MGG,MGG
MGGT,GUA
MGHT,HUG
MGI,MGI
MGMM,MCR
MGP,MGP
MGPB,PBR
MGPP,PON
MGQC,AQB
MGQZ,AAZ
MGRB,RUV
MGRD,LCF
MGRT,RER
MGSJ,GSJ
MGTK,FRS
MH-AIM,AIM
MH-AUL,AUL
MH-BII,BII
MH-EBN,EBN
MH-JAT,JAT
MH-JEJ,JEJ
MH-KBT,KBT
MH-LIK,LIK
MH-LML,LML
MH-MAV,MAV
MH-MJB,MJB
MH-MJE,MJE
MH-NDK,NDK
MH-RNP,RNP
MH-TIC,TIC
MH-UIT,UIT
MH-WJA,WJA
MH-WTE,WTE
MH-WTO,WTO
MHAH,AHS
MHBL,BHG
MHCA,CAA
MHCL,MRJ
MHCR,LUI
MHCS,CYL
MHCU,CDD
MHEA,OAN
MHGS,GAC
MHIR,IRN
MHJI,GUO
MHJU,JUT
MHLC,LCE
MHLE,LEZ
MHLM,SAP
MHN,MHN
MHNJ,GJA
MHPC,PCH
MHPL,PEU
MHRO,RTB
MHRS,SDH
MHRU,RUY
MHSC,XPL
MHTE,TEA
MHTG,TGU
MHTJ,TJI
MHUL,SCD
MHUT,UII
MHY,MHY
MHYR,ORO
MIZ,MIZ
MJJ,MJJ
MJS,MJS
MKBS,OCJ
MKJP,KIN
MKJS,MBJ
MKKJ,POT
MKN,MKN
MKNG,NEG
MKTP,KTP
MLIP,MIJ
MLQ,MLQ
MM-0002,HEB
MM72,TZM
MMAA,ACA
MMAN,NTR
MMAS,AGU
MMBT,HUX
MMCA,CNA
MMCB,CVJ
MMCC,ACN
MMCE,CME
MMCG,NCG
MMCL,CUL
MMCM,CTM
MMCN,CEN
MMCO,CJT
MMCP,CPE
MMCS,CJS
MMCT,CZA
MMCU,CUU
MMCV,CVM
MMCY,CYW
MMCZ,CZM
MMDA,CUA
MMDM,MMC
MMDO,DGO
MMEP,TPQ
MMES,ESE
MMGL,GDL
MMGM,GYM
MMGR,GUB
MMHC,TCN
MMHO,HMO
MMIA,CLQ
MMIM,ISJ
MMIO,SLW
MMIT,IZT
MMJA,JAL
MMJC,AZP
MMLC,LZC
MMLM,LMM
MMLO,BJX
MMLP,LAP
MMLT,LTO
MMMA,MAM
MMMD,MID
MMMG,MUG
MMML,MXL
MMMM,MLM
MMMT,MTT
MMMV,LOV
MMMX,MEX
MMMY,MTY
MMMZ,MZT
MMNG,NOG
MMNL,NLD
MMOX,OAX
MMPA,PAZ
MMPB,PBC
MMPG,PDS
MMPL,PCO
MMPN,UPN
MMPQ,PQM
MMPR,PVR
MMPS,PXM
MMQT,QRO
MMRX,REX
MMSC,SZT
MMSD,SJD
MMSF,SFH
MMSM,NLU
MMSP,SLP
MMTC,TRC
MMTG,TGZ
MMTJ,TIJ
MMTM,TAM
MMTN,TSL
MMTO,TLC
MMTP,TAP
MMUN,CUN
MMV,MMV
MMVA,VSA
MMVR,VER
MMZC,ZCL
MMZH,ZIH
MMZM,ZMM
MMZO,ZLO
MN-MXW,MXW
MN-ULG,ULG
MNBL,BEF
MNBZ,BZA
MNCE,ECI
MNCI,RNI
MNMG,MGA
MNNG,NVG
MNP,MNP
MNPC,PUZ
MNRT,RFS
MNSC,NCR
MNSI,SIU
MNWP,WSP
MOH,MOH
MP00,PDM
MPBO,BOC
MPCE,CTD
MPCH,CHX
MPDA,DAV
MPEJ,ONX
MPG,MPG
MPHO,BLB
MPI,MPI
MPJE,JQE
MPLP,PLP
MPMG,PAC
MPOA,PUE
MPRH,RIH
MPSA,SYP
MPTO,PTY
MPU,MPU
MPVR,PVE
MPWN,NBL
MPX,MPX
MQO,MQO
MRAN,FON
MRAO,TTQ
MRBA,BAI
MRBC,BCL
MRCC,OTR
MRCH,JAP
MRCR,PLD
MRDK,DRK
MRFL,FMG
MRGF,GLF
MRGP,GPL
MRIA,PBP
MRLB,LIR
MRLC,LSL
MRLM,LIO
MRMJ,CSC
MRNC,NCT
MRNS,NOB
MROC,SJO
MRPJ,PJM
MRPM,PMZ
MRPV,SYQ
MRQP,XQP
MRRF,RFR
MRSV,TOO
MRT,MRT
MRTM,TNO
MRTR,TMU
MRUP,UPL
MSB,MSB
MSLP,SAL
MTCA,CYA
MTCH,CAP
MTF,MTX
MTJA,JAK
MTJE,JEE
MTPP,PAP
MTPX,PAX
MTU,MTU
MUBA,BCA
MUBR,BWW
MUBY,BYM
MUCA,AVI
MUCC,CCC
MUCF,CFG
MUCL,CYO
MUCM,CMW
MUCO,QCO
MUCU,SCU
MUGM,NBW
MUGT,GAO
MUHA,HAV
MUHG,HOG
MUKW,VRO
MULM,LCL
MUMA,UMA
MUMJ,MJG
MUMO,MOA
MUMZ,MZO
MUNB,QSN
MUNC,ICR
MUNG,GER
MUPB,UPB
MUPR,QPD
MUSC,SNU
MUSJ,SNJ
MUSN,SZJ
MUSS,USS
MUTD,TND
MUVR,VRA
MUVT,VTU
MVI,MVI
MWCB,CYB
MWCL,LYB
MWCR,GCM
MWR,MWR
MX-AJS,AJS
MX-AZG,AZG
MX-PCM,PCM
MX-PCV,PCV
MX-SCX,SCX
MX-SGM,SGM
MX-TUY,TUY
MX-UAC,UAC
MX-XAL,XAL
MXC,MXC
MXK,MXK
MXR,MXR
MY-GTB,GTB
MY-GTK,GTK
MY-LBP,LBP
MY-LLM,LLM
MY-MZS,MZS
MY-SPT,SPT
MYAB,MAY
MYAF,ASD
MYAK,COX
MYAM,MHH
MYAN,SAQ
MYAP,AXP
MYAT,TCB
MYAW,WKR
MYBC,CCZ
MYBG,GHC
MYBS,BIM
MYCA,ATC
MYCB,TBI
MYCC,CXY
MYCI,CRI
MYCP,PWN
MYEF,GGT
MYEH,ELH
MYEM,GHB
MYEN,NMC
MYER,RSD
MYES,TYM
MYGF,FPO
MYGM,GBI
MYGW,WTD
MYIG,IGA
MYK,MYK
MYLD,LGI
MYLS,SML
MYMM,MYG
MYNN,NAS
MYPI,PID
MYRD,DCT
MYRP,RCY
MYS,MYS
MYSM,ZSA
MYX,MYX
MYZ2,CEL
MZ-0004,MFW
MZ-0005,NTC
MZ-0012,IBO
MZ-TGS,TGS
MZBZ,BZE
MZE,MZE
MZMF,CYD
N04,MPE
N20,IMI
NA-0012,BQI
NBS,NBS
NCAI,AIT
NCAT,AIU
NCMG,MGS
NCMH,MHX
NCMK,MUK
NCMR,MOI
NCPK,PZK
NCPY,PYE
NCRG,RAR
NDI,NDI
NDN,NDN
NE69,EPG
NFBG,AQS
NFCI,ICI
NFCS,CST
NFFN,NAN
NFFO,PTF
NFFR,RBI
NFKD,KDV
NFMA,MNF
NFMO,MFJ
NFNA,SUV
NFNB,LEV
NFNG,NGI
NFNH,LUC
NFNK,LKB
NFNL,LBS
NFNM,TVU
NFNO,KXF
NFNR,RTA
NFNS,SVU
NFNU,BVF
NFNV,VAU
NFNW,KAY
NFOL,ONU
NFSW,YAS
NFTE,EUA
NFTF,TBU
NFTL,HPA
NFTO,NFO
NFTP,NTT
NFTV,VAV
NFUL,TTL
NFVB,VBV
NFVL,VTF
NG-0003,GMO
NG-0004,PHG
NG-QRW,QRW
NGAB,ABF
NGBR,BEZ
NGFU,FUN
NGKT,KUC
NGMA,MNK
NGMK,MZK
NGMN,MTK
NGNU,NIG
NGON,OOT
NGTA,TRW
NGTB,AEA
NGTE,TBF
NGTM,TMN
NGTO,NON
NGTR,AIS
NGTS,TSU
NGTU,BBG
NGUK,AAK
NIK,NIK
NIUE,IUE
NKD,NKD
NLH,NLH
NLWF,FUT
NLWW,WLS
NM83,HBB
NND,NND
NOM,NOM
NOO,NOO
NP-MWP,MWP
NPG,NPG
NRC,NRC
NRY,NRY
NSAS,OFU
NSAU,AAU
NSFA,APW
NSFI,FGI
NSFQ,FTI
NSMA,MXS
NSTU,PPG
NTA,NTA
NTAA,PPT
NTAM,RMT
NTAR,RUR
NTAT,TUB
NTAV,RVV
NTGA,AAA
NTGB,FGU
NTGC,TIH
NTGD,APK
NTGE,REA
NTGF,FAV
NTGH,HHZ
NTGI,XMH
NTGJ,GMR
NTGK,KKR
NTGM,MKP
NTGN,NAU
NTGO,TKV
NTGP,PKP
NTGQ,PUK
NTGT,TKP
NTGU,AXR
NTGV,MVT
NTGW,NUK
NTGY,ZTA
NTHE,AHE
NTKA,KHZ
NTKF,FAC
NTKH,FHZ
NTKK,RKA
NTKM,TJN
NTKN,NIU
NTKO,RRR
NTKR,TKX
NTKT,KXU
NTKU,NKP
NTMD,NHV
NTMN,AUQ
NTMP,UAP
NTMU,UAH
NTTB,BOB
NTTE,TTI
NTTG,RGI
NTTH,HUH
NTTM,MOZ
NTTO,HOI
NTTP,MAU
NTTR,RFP
NTTU,TPX
NTTX,UOA
NTUV,VHZ
NUF,NUF
NUG,NUG
NV11,UCC
NVSA,MTV
NVSC,SLH
NVSD,TOH
NVSE,EAE
NVSF,CCV
NVSG,LOD
NVSH,SSR
NVSI,PBJ
NVSL,LPM
NVSM,LNB
NVSN,MWF
NVSO,LNE
NVSP,NUS
NVSQ,ZGU
NVSR,RCL
NVSS,SON
NVST,TGH
NVSU,ULB
NVSV,VLS
NVSW,WLH
NVSX,SWJ
NVSZ,OLJ
NVVA,AUY
NVVB,AWD
NVVD,DLY
NVVF,FTA
NVVI,IPA
NVVQ,UIQ
NVVV,VLI
NVVW,TAH
NWT,NWT
NWWA,TGJ
NWWC,BMY
NWWD,KNQ
NWWE,ILP
NWWH,HLU
NWWK,KOC
NWWL,LIF
NWWM,GEA
NWWO,IOU
NWWP,PUV
NWWQ,PDC
NWWR,MEE
NWWU,TOU
NWWV,UVE
NWWW,NOU
NZAA,AKL
NZAP,TUO
NZAR,AMZ
NZAS,ASG
NZCH,CHC
NZCI,CHT
NZCX,CMV
NZDA,DGR
NZDN,DUD
NZFJ,WHO
NZGB,GBZ
NZGM,GMN
NZGS,GIS
NZGT,GTN
NZHK,HKK
NZHN,HLZ
NZKE,WIK
NZKI,KBZ
NZKK,KKE
NZKO,KKO
NZKT,KAT
NZLX,ALR
NZMA,MTA
NZMB,MHB
NZMC,MON
NZMF,MFN
NZMK,MZP
NZMO,TEU
NZMS,MRO
NZNP,NPL
NZNR,NPE
NZNS,NSN
NZNV,IVC
NZOH,OHA
NZOU,OAM
NZPM,PMR
NZPN,PCN
NZPP,PPQ
NZQN,ZQN
NZRA,RAG
NZRC,SZS
NZRO,ROT
NZTG,TRG
NZTH,TMZ
NZTK,KTF
NZTO,TKZ
NZTS,THH
NZTU,TIU
NZUK,TWZ
NZWB,BHE
NZWF,WKA
NZWK,WHK
NZWN,WLG
NZWO,WIR
NZWR,WRE
NZWS,WSZ
NZWT,WTZ
NZWU,WAG
O19,NLN
O62,O62
O85,BZF
OAA,OAA
OABN,BIN
OABT,BST
OACC,CCN
OADS,SBF
OADZ,DAZ
OAFR,FAH
OAFZ,FBD
OAGN,GZI
OAHN,KWH
OAHR,HEA
OAIX,OAI
OAJL,JAA
OAKA,GRG
OAKB,KBL
OAKN,KDH
OAKS,KHT
OAMN,MMZ
OAMS,MZR
OAOG,URN
OAQN,LQN
OASA,OAS
OASD,OAH
OASN,SGA
OATN,TII
OATQ,TQN
OAUZ,UND
OAZI,OAZ
OAZJ,ZAJ
OBBI,BAH
OBK,OBK
OCS,OCS
OEAB,AHB
OEAH,HOF
OEBA,ABT
OEBH,BHH
OEDF,DMM
OEDM,DWD
OEDR,DHA
OEGN,GIZ
OEGS,ELQ
OEGT,URY
OEHL,HAS
OEJB,QJB
OEJN,JED
OEKK,KMC
OEKM,KMX
OEMA,MED
OENG,EAM
OENN,NUM
OEPA,AQI
OEPS,AKH
OERF,RAH
OERK,RUH
OERR,RAE
OERY,XXN
OESH,SHW
OESK,AJF
OESL,SLF
OETB,TUU
OETF,TIF
OETR,TUI
OEWD,WAE
OEWJ,EJH
OEYN,YNB
OEZL,ZUL
OGE,OGE
OGM,OGM
OIAA,ABD
OIAD,DEF
OIAG,AKW
OIAH,GCH
OIAJ,OMI
OIAM,MRX
OIAW,AWZ
OIBA,AEU
OIBB,BUZ
OIBI,YEH
OIBJ,KNR
OIBK,KIH
OIBL,BDH
OIBP,PGU
OIBQ,KHK
OIBS,SXI
OIBV,LVP
OICC,KSH
OICI,IIL
OICK,KHD
OICS,SDG
OIFE,IFH
OIFK,KKS
OIFM,IFN
OIFS,CQD
OIGG,RAS
OIHH,HDM
OIHR,AJK
OIIE,IKA
OIII,THR
OIIK,GZW
OIIP,PYK
OIIS,SNX
OIKB,BND
OIKJ,JYR
OIKK,KER
OIKM,BXR
OIKP,HDR
OIKR,RJN
OIKY,SYJ
OIMB,XBJ
OIMC,CKT
OIMJ,RUD
OIMM,MHD
OIMN,BJB
OIMS,AFZ
OIMT,TCX
OINE,KLM
OING,GBT
OINJ,BSM
OINN,NSH
OINR,RZR
OINZ,SRY
OISF,FAZ
OISJ,JAR
OISL,LRR
OISR,LFM
OISS,SYZ
OISY,YES
OITK,KHY
OITL,ADU
OITM,ACP
OITP,PFQ
OITR,OMH
OITT,TBZ
OITU,IMQ
OITZ,JWN
OIYY,AZD
OIZB,ACZ
OIZC,ZBR
OIZH,ZAH
OIZI,IHR
OIZJ,JSK
OJAI,AMM
OJAM,ADJ
OJAQ,AQJ
OJJR,JRS
OJMF,OMF
OK03,DWN
OKAJ,XIJ
OKBK,KWI
OKV,OKV
OLBA,BEY
OLKA,KYE
OLQ,OLQ
OM-0001,BYB
OM-0002,AOM
OM-0003,DQM
OM-0004,MNH
OMAA,AUH
OMAD,AZI
OMAL,AAN
OMAM,DHF
OMBY,XSB
OMDB,DXB
OMDM,NHD
OMDW,DWC
OMFJ,FJR
OML,OML
OMN,OMN
OMRK,RKT
OMSJ,SHJ
OMY,OMY
ONB,ONB
OOBR,RMB
OOFD,FAU
OOGB,RNM
OOJA,JNJ
OOKB,KHS
OOLK,LKW
OOMA,MSH
OOMS,MCT
OOMX,OMM
OOSA,SLL
OOSH,OHS
OOSR,SUH
OOTH,TTH
OP17,DDU
OPBG,BHW
OPBN,BNP
OPBR,WGB
OPBW,BHV
OPCH,CJL
OPCL,CHB
OPDB,DBA
OPDD,DDU
OPDG,DEA
OPDI,DSK
OPFA,LYP
OPGD,GWD
OPGT,GIL
OPJA,JAG
OPJI,JIW
OPKC,KHI
OPKD,HDD
OPKH,KDD
OPKL,KBH
OPKT,OHT
OPLA,LHE
OPLL,LRG
OPMA,XJM
OPMF,MFG
OPMI,MWD
OPMJ,MJD
OPMP,MPD
OPMS,ATG
OPMT,MUX
OPNH,WNS
OPNK,NHS
OPOR,ORW
OPPC,PAJ
OPPG,PJG
OPPI,PSI
OPPS,PEW
OPQT,UET
OPRK,RYK
OPRT,RAZ
OPSB,SBQ
OPSD,KDU
OPSK,SKZ
OPSN,SYW
OPSR,SGI
OPSS,SDT
OPST,SKT
OPSU,SUL
OPSW,SWN
OPTA,TLB
OPTH,BDN
OPTT,TFT
OPTU,TUK
OPWN,WAF
OPZB,PZH
ORAA,IQA
ORAT,TQD
ORBB,BMN
ORBD,XQC
ORBI,BGW
ORBM,OSM
ORER,EBL
ORKK,KIK
ORMM,BSR
ORNI,NJF
ORQW,RQW
ORSU,ISU
ORTL,XNH
OSAP,ALP
OSDI,DAM
OSDZ,DEZ
OSE,OSE
OSG,OSG
OSKL,KAC
OSLK,LTK
OSPR,PMS
OTBD,DIA
OTBH,XJD
OTT,OTT
OTY,OTY
OUM,OUM
OXO,OXO
OYAA,ADE
OYAB,EAB
OYAT,AXK
OYBI,BYD
OYBN,BHN
OYBQ,BUK
OYGD,AAY
OYHD,HOD
OYKM,KAM
OYMB,MYN
OYMS,UKR
OYQN,IHN
OYRN,RIY
OYSH,SYE
OYSN,SAH
OYSQ,SCT
OYSY,GXF
OYTZ,TAI
PA-0001,ACU
PA-0003,AIL
PA-0004,CTE
PA-0011,MPP
PA-0013,PYC
PA-0017,NMG
PA-0022,PYV
PA-AML,AML
PA-BFQ,BFQ
PA-ELE,ELE
PA-OTD,OTD
PA-SAX,SAX
PAAK,AKB
PAAL,PML
PAAP,PTD
PAAQ,PAQ
PAAT,ATU
PABA,BTI
PABE,BET
PABG,BVU
PABI,BIG
PABL,BKC
PABM,BMX
PABR,BRW
PABT,BTT
PACD,CDB
PACE,CEM
PACI,CIK
PACK,CYF
PACM,SCM
PACR,IRC
PACV,CDV
PACX,CXF
PACY,CYT
PACZ,CZF
PADE,DRG
PADG,RDB
PADK,ADK
PADL,DLG
PADM,MLL
PADQ,ADQ
PADU,DUT
PADY,KKH
PAED,EDF
PAEE,EEK
PAEG,EAA
PAEH,EHM
PAEI,EIL
PAEL,ELV
PAEM,EMK
PAEN,ENA
PAEW,WWT
PAFA,FAI
PAFB,FBK
PAFM,ABL
PAFR,FRN
PAFS,NIB
PAFV,FMC
PAFW,FWL
PAGA,GAL
PAGB,GBH
PAGG,KWK
PAGH,SHG
PAGK,GKN
PAGL,GLV
PAGM,GAM
PAGN,AGN
PAGQ,BGQ
PAGS,GST
PAGT,NME
PAGY,SGY
PAHC,HCR
PAHL,HSL
PAHN,HNS
PAHO,HOM
PAHP,HPB
PAHU,HUS
PAHX,SHX
PAHY,HYG
PAIG,IGG
PAII,EGX
PAIK,IAN
PAIL,ILI
PAIM,UTO
PAIN,MCL
PAIW,WAA
PAJN,JNU
PAJZ,KGK
PAKD,KDK
PAKF,KFP
PAKH,AKK
PAKI,KPN
PAKK,KKA
PAKL,LKK
PAKN,AKN
PAKO,IKO
PAKP,AKP
PAKT,KTN
PAKU,UUK
PAKV,KAL
PAKW,KLW
PAKY,KYK
PALB,KLN
PALG,KLG
PALP,DQH
PALR,WCR
PALU,LUR
PAMB,KMO
PAMC,MCG
PAMD,MDO
PAMH,LMA
PAMK,SMK
PAML,MLY
PAMM,MTM
PAMO,MOU
PAMR,MRI
PAMX,MXY
PAMY,MYU
PANA,WNA
PANC,ANC
PANI,ANI
PANN,ENN
PANO,NNL
PANR,FNR
PANT,ANN
PANU,NUL
PANV,ANV
PANW,KNW
PAOB,OBU
PAOC,PCA
PAOH,HNH
PAOM,OME
PAOO,OOK
PAOR,ORT
PAOT,OTZ
PAOU,NLG
PAPB,STG
PAPC,KPC
PAPE,KPV
PAPG,PSG
PAPH,PTH
PAPK,PKA
PAPM,PTU
PAPN,PIP
PAPO,PHO
PAPR,PPC
PAQH,KWN
PAQT,NUI
PARC,ARC
PARS,RSH
PARY,RBY
PASA,SVA
PASC,SCC
PASD,SDP
PASH,SHH
PASI,SIT
PASK,WLK
PASL,SLQ
PASM,KSM
PASN,SNP
PASO,SOV
PASP,SMU
PAST,UMM
PASV,SVW
PASW,SKW
PASX,SXQ
PASY,SYA
PATA,TAL
PATC,TNC
PATE,TLA
PATG,TOG
PATK,TKA
PATL,TLJ
PATQ,ATK
PAUK,AUK
PAUM,UMT
PAUN,UNK
PAUO,WOW
PAVA,VAK
PAVC,KVC
PAVD,VDZ
PAVE,VEE
PAVL,KVL
PAWB,WBQ
PAWD,SWD
PAWG,WRG
PAWI,AIN
PAWM,WMO
PAWN,WTK
PAWS,WWA
PAYA,YAK
PCIS,CIS
PCO,PCO
PCQ,PCQ
PDI,PDI
PDR,PDR
PE-MFT,MFT
PEC,PEC
PFAK,AKI
PFAL,AET
PFC,PFC
PFCB,NCN
PFCL,CLP
PFEL,ELI
PFKA,KUK
PFKK,KNK
PFKO,KOT
PFKT,KTS
PFKU,KYU
PFKW,KWT
PFNO,ORV
PFSH,SKK
PFTO,TKJ
PFWS,WSN
PFYU,FYU
PG-0005,CPN
PG-0006,EMI
PG-0007,ERE
PG-0008,ESA
PG-0009,GAR
PG-0011,GOE
PG-0020,BPD
PG-0022,BPK
PG-0035,NWT
PG-0038,SGK
PG-0048,KII
PG-AKG,AKG
PG-ATP,TAJ
PG-AWB,AWB
PG-BAA,BAA
PG-CVB,CVB
PG-GMI,GMI
PG-GVI,GVI
PG-HYF,HYF
PG-IHU,IHU
PG-IIS,IIS
PG-JAQ,JAQ
PG-KDR,KDR
PG-KKD,KKD
PG-KUY,KUY
PG-KWO,KWO
PG-KXR,KXR
PG-LMI,LMI
PG-LMY,LMY
PG-OBX,OBX
PG-OPU,OPU
PG-SKC,SKC
PG-TFI,TFI
PG-TFM,TFM
PG-TLO,TLO
PG-UKU,UKU
PG-ULE,ULE
PG-VMU,VMU
PG-WPM,WPM
PGE,PGE
PGM,PGM
PGP,PGP
PGRO,ROP
PGSN,SPN
PGUA,UAM
PGUM,GUM
PGWT,TIQ
PH-0001,CGY
PH-ENI,ENI
PHBK,BKH
PHDH,HDH
PHHI,HHI
PHHN,HNM
PHJH,JHM
PHJR,JRF
PHKO,KOA
PHKP,HKP
PHLI,LIH
PHLU,LUP
PHM,PHM
PHMK,MKK
PHMU,MUE
PHNG,NGF
PHNL,HNL
PHNY,LNY
PHOG,OGG
PHPA,PAK
PHSF,BSF
PHTO,ITO
PHUP,UPP
PJON,JON
PK-0001,ISB
PK-BHC,BHC
PK-CWP,CWP
PK-GRT,GRT
PK-HRA,HRA
PK-KCF,KCF
PK-REQ,REQ
PK-RZS,RZS
PK-SWV,SWV
PKMA,ENT
PKMJ,MAJ
PKSA,KAI
PKWA,KWA
PLCH,CXI
PLE,PLE
PLFA,TNV
PLWN,TNQ
PMDY,MDY
PMM,PMM
PMP,PMP
PPIZ,PIZ
PPX,PPX
PQD,PQD
PR-DDP,DDP
PR-HUC,HUC
PR-PPD,PPD
PRNO,XSO
PTKK,TKK
PTPN,PNI
PTRO,ROR
PTSA,KSA
PTYA,YAP
PUA,PUA
PUI,PUI
PWAK,AWK
PWR,PWR
PY-BFA,BFA
PY-OLK,OLK
PY-PBT,PBT
PY-PCJ,PCJ
PYL,PYL
Q51,KIO
QA-0001,DOH
qfx,QFX
RAA,RAA
RAW,RAW
RAX,RAX
RBP,RBP
RCBS,KNH
RCFG,LZN
RCFN,TTT
RCGI,GNI
RCKH,KHH
RCKU,CYI
RCKW,HCN
RCLG,TXG
RCLY,KYD
RCMQ,RMQ
RCMT,MFK
RCN,RCN
RCNN,TNN
RCPO,HSZ
RCQC,MZG
RCSQ,PIF
RCSS,TSA
RCTP,TPE
RCWA,WOT
RCYU,HUN
RDV,RDV
REH,REH
RGE,RGE
RHT,RHT
RJAA,NRT
RJAF,MMJ
RJAH,IBR
RJAM,MUS
RJAW,IWO
RJBB,KIX
RJBD,SHM
RJBE,UKB
RJBH,HIW
RJBT,TJH
RJCB,OBO
RJCC,CTS
RJCH,HKD
RJCK,KUH
RJCM,MMB
RJCN,SHB
RJCO,OKD
RJCR,RBJ
RJCW,WKJ
RJDA,AXJ
RJDB,IKI
RJDC,UBJ
RJDT,TSJ
RJEB,MBE
RJEC,AKJ
RJEO,OIR
RJER,RIS
RJFC,KUM
RJFE,FUJ
RJFF,FUK
RJFG,TNE
RJFK,KOJ
RJFM,KMI
RJFO,OIT
RJFR,KKJ
RJFS,HSG
RJFT,KMJ
RJFU,NGS
RJGG,NGO
RJKA,ASJ
RJKB,OKE
RJKI,KKX
RJKN,TKN
RJNA,NKM
RJNF,FKJ
RJNG,QGU
RJNK,KMQ
RJNO,OKI
rjns,FSZ
RJNT,TOY
RJNW,NTQ
RJOA,HIJ
RJOB,OKJ
RJOC,IZO
RJOH,YGJ
RJOI,IWK
RJOK,KCZ
RJOM,MYJ
RJOO,ITM
RJOR,TTJ
RJOS,TKS
RJOT,TAK
RJOW,IWJ
RJSA,AOJ
RJSC,GAJ
RJSD,SDS
RJSF,FKS
RJSH,HHE
RJSI,HNA
RJSK,AXT
RJSM,MSJ
RJSN,KIJ
RJSR,ONJ
RJSS,SDJ
RJSY,SYO
RJTA,NJA
RJTH,HAC
RJTO,OIM
RJTQ,MYE
RJTT,HND
RJTY,OKO
RKJB,MWX
RKJJ,KWJ
RKJK,KUV
RKJM,MPK
RKJU,CHN
RKJY,RSU
RKNC,QUN
RKND,SHO
RKNN,KAG
RKNW,WJU
RKNY,YNY
RKPC,CJU
RKPD,JDG
RKPE,CHF
RKPK,PUS
RKPS,HIN
RKPU,USN
RKRO,QJP
RKSI,ICN
RKSM,SSN
RKSO,OSN
RKSS,GMP
RKSW,SWU
RKTA,QDY
RKTH,KPO
RKTN,TAE
RKTP,HMY
RKTU,CJJ
RKTY,YEC
RKU,RKU
RKY,RKY
RLP,RLP
RMD,RMD
RMP,RMP
RMU,RMU
RNR,RNR
ROAH,OKA
RODN,DNA
ROKJ,UEO
ROKR,KJP
ROMD,MMD
ROMY,MMY
RORA,AGJ
RORE,IEJ
RORH,HTR
RORK,KTD
RORS,SHI
RORT,TRA
RORY,RNJ
ROYN,OGN
RPBL,BSI
RPLB,SFS
RPLC,CRK
RPLI,LAO
RPLL,MNL
RPLO,CYU
RPLP,LGP
RPLS,SGL
RPLU,LBX
RPMA,AAV
RPMC,CBO
RPMD,DVO
RPME,BXU
RPMF,BPH
RPMG,DPL
RPMH,CGM
RPMI,IGN
RPMJ,JOL
RPMM,MLP
RPMN,TWT
RPMO,OZC
RPMP,PAG
RPMQ,MXI
RPMR,GES
RPMS,SUG
RPMU,CDY
RPMV,IPE
RPMW,TDG
RPMZ,ZAM
RPNS,IAO
RPSD,RZP
RPUB,BAG
RPUD,DTE
RPUH,SJI
RPUM,MBO
RPUN,WNP
RPUO,BSO
RPUR,BQA
RPUS,SFE
RPUT,TUG
RPUV,VRC
RPUW,MRQ
RPUY,CYZ
RPV,RPV
RPVA,TAC
RPVB,BCD
RPVC,CYP
RPVD,DGT
RPVE,MPH
RPVF,CRM
RPVI,ILO
RPVJ,MBT
RPVK,KLO
RPVM,CEB
RPVO,OMC
RPVP,PPS
RPVR,RXS
RPVS,EUQ
RPVT,TAG
RPVU,TBH
RPVV,USU
RRM,RRM
RSE,RSE
RU-0025,NGK
RU-0035,GRV
RU-0200,KDY
RU-0493,DLR
RU-VUS,VUS
RUU,RUU
RVC,RVC
RZH,RZH
S31,LPS
S60,KEH
SA14,MJR
SA30,CCT
SAAC,COC
SAAG,GHU
SAAJ,JNI
SAAP,PRA
SAAR,ROS
SAAV,SFN
SABE,AEP
SACC,LCM
SACO,COR
SADF,FDO
SADL,LPG
SADP,EPA
SAEZ,EZE
SAFR,RAF
SAHC,HOS
SAHE,CVH
SAHR,GNR
SAHS,RDS
SAHZ,APZ
SAM,SAM
SAME,MDZ
SAMM,LGS
SAMR,AFA
SANC,CTC
SANE,SDE
SANL,IRJ
SANR,RHD
SANT,TUC
SANU,UAQ
SANW,CRR
SAOC,RCU
SAOD,VDR
SAOR,VME
SAOS,RLO
SAOU,LUQ
SARC,CNQ
SARE,RES
SARF,FMA
SARI,IGR
SARL,AOL
SARM,MCS
SARP,PSS
SAS,SAS
SASA,SLA
SASJ,JUJ
SASO,ORA
SAST,TTG
SATC,CLX
SATD,ELO
SATG,OYA
SATK,LLS
SATM,MDX
SATR,RCQ
SATU,UZU
SAVB,EHL
SAVC,CRD
SAVD,EMX
SAVE,EQS
SAVH,LHS
SAVJ,IGB
SAVN,OES
SAVQ,MQD
SAVR,ARR
SAVS,SGV
SAVT,REL
SAVV,VDM
SAVY,PMY
SAWA,ING
SAWC,FTE
SAWD,PUD
SAWE,RGA
SAWG,RGL
SAWH,USH
SAWJ,ULA
SAWM,ROY
SAWP,PMQ
SAWR,GGS
SAWS,JSM
SAWT,RYO
SAWU,RZA
SAZB,BHI
SAZC,CSZ
SAZF,OVR
SAZG,GPO
SAZH,OYO
SAZL,SST
SAZM,MDQ
SAZN,NQN
SAZO,NEC
SAZP,PEH
SAZR,RSA
SAZS,BRC
SAZT,TDL
SAZV,VLG
SAZW,CUT
SAZY,CPC
SB-VIU,VIU
SB29,SB2
SBAA,CDJ
SBAC,ARX
SBAQ,AQA
SBAR,AJU
SBAT,AFL
SBAU,ARU
SBAX,AAX
SBBE,BEL
SBBG,BGX
SBBH,PLU
SBBI,BFH
SBBP,BJP
SBBR,BSB
SBBT,BAT
SBBU,BAU
SBBV,BVB
SBBW,BPG
SBBZ,BZC
SBCA,CAC
SBCB,CFB
SBCD,CFC
SBCF,CNF
SBCG,CGR
SBCH,XAP
SBCI,CLN
SBCJ,CKS
SBCM,CCM
SBCN,CLV
SBCP,CAW
SBCR,CMG
SBCT,CWB
SBCV,CRQ
SBCX,CXJ
SBCY,CGB
SBCZ,CZS
SBDB,BYO
SBDN,PPB
SBEG,MAO
SBEK,JCR
SBEP,ESI
SBFI,IGU
SBFL,FLN
SBFN,FEN
SBFZ,FOR
SBGL,GIG
SBGM,GJM
SBGO,GYN
SBGR,GRU
SBGU,GPB
SBGV,GVR
SBGW,GUJ
SBHT,ATM
SBIC,ITA
SBIH,ITB
SBIL,IOS
SBIP,IPN
SBIT,ITR
SBIZ,IMP
SBJA,JJG
SBJF,JDF
SBJP,JPA
SBJU,JDO
SBJV,JOI
SBKG,CPV
SBKP,VCP
SBLE,LEC
SBLJ,LAJ
SBLN,LIP
SBLO,LDB
SBLP,LAZ
SBMA,MAB
SBMC,MQH
SBMD,MEU
SBME,MEA
SBMG,MGF
SBMK,MOC
SBML,MII
SBMN,PLL
SBMO,MCZ
SBMQ,MCP
SBMS,MVF
SBMY,MNX
SBNF,NVT
SBNM,GEL
SBOI,OYK
SBPA,POA
SBPB,PHB
SBPC,POO
SBPF,PFB
SBPJ,PMW
SBPK,PET
SBPL,PNZ
SBPN,PNB
SBPP,PMG
SBPS,BPS
SBPV,PVH
SBQV,VDC
SBRB,RBR
SBRF,REC
SBRJ,SDU
SBRP,RAO
SBRR,BRB
SBSC,SNZ
SBSG,NAT
SBSJ,SJK
SBSL,SLZ
SBSM,RIA
SBSN,STM
SBSO,SMT
SBSP,CGH
SBSR,SJP
SBST,SSZ
SBSV,SSA
SBTA,QHP
SBTB,TMT
SBTC,UNA
SBTD,TOW
SBTE,THE
SBTF,TFF
SBTK,TRQ
SBTL,TEC
SBTR,TSQ
SBTT,TBT
SBTU,TUR
SBUA,SJL
SBUF,PAV
SBUG,URG
SBUL,UDI
SBUR,UBA
SBVG,VAG
SBVH,BVH
SBVT,VIX
SBYS,QPS
SBZM,IZA
SCAC,ZUD
SCAN,LOB
SCAP,WAP
SCAR,ARI
SCAS,WPA
SCAT,CPO
SCBA,BBA
SCBE,TOQ
SCBI,DPB
SCCC,CCH
SCCF,CJC
SCCH,YAI
SCCI,PUQ
SCCQ,COW
SCCY,GXQ
SCDA,IQQ
SCEL,SCL
SCES,ESR
SCEV,FRT
SCFA,ANF
SCFM,WPR
SCFT,FFU
SCGE,LSQ
SCGZ,WPU
SCHR,LGR
SCIE,CCP
SCIP,IPC
SCJO,ZOS
SCKP,CPP
SCLL,VLR
SCLN,ZLR
SCNT,PNT
SCOV,OVL
SCPC,ZPC
SCPQ,MHC
SCPV,PUX
SCQP,ZCO
SCR,SCR
SCRA,CNR
SCRD,VAP
SCRG,QRC
SCRM,TNM
SCSB,SMB
SCSE,LSC
SCSF,SSD
SCST,WCA
SCTC,PZS
SCTE,PMC
SCTI,ULC
SCTL,TLX
SCTN,WCH
SCTO,ZIC
SCTT,TTC
SCVD,ZAL
SCVM,KNA
SDAM,CPQ
SDBK,QCJ
SDCG,OLC
SDCO,SOD
SDDR,QDC
SDI,SDI
SDJL,JLS
SDKK,QOA
SDLP,QGC
SDNY,QNV
SDOU,OUS
SDOW,OIA
SDPW,QHB
SDRK,QIQ
SDRS,REZ
SDSC,QSC
SDUB,UBT
SDUN,ITP
SDUO,QGS
SDVG,VOT
SDYM,QGB
SDZY,IZA
SE-0016,SCR
SEAM,ATF
SECO,OCC
SECU,CUE
SEGS,GPS
SEGU,GYE
SEII,IBB
SEJI,JIP
SELT,LTX
SEMA,MRR
SEMC,XMS
SEMH,MCH
SEMT,MEC
SENL,LGQ
SEPT,PYO
SEPV,PVO
SEQM,UIO
SERO,ETR
SESA,SNC
SESC,SUQ
SESM,PTZ
SEST,SCY
SESV,BHA
SETH,TSC
SETI,TPN
SETM,LOH
SETN,ESM
SETR,TPC
SETU,TUA
SFAL,PSY
SFR,SFR
SFU,SFU
SGAS,ASU
SGAY,AYO
SGCO,CIO
SGEN,ENO
SGES,AGT
SGFI,FLM
SGL,SGL
SGME,ESG
SGPI,PIL
SGPJ,PJC
SIC,SIC
SILC,LVR
SIMK,FRC
SIZ,SIZ
SIZX,JUA
SJF,SJF
SJHG,CFO
SJNP,NPR
SJRG,RIG
SJTC,JTC
SJVO,ARS
SK-001,ACM
SK-002,ECO
SK-005,ARO
SK-008,JUO
SK-020,SJR
SK-021,NPU
SK-045,PCC
SK-046,SQF
SK-047,AYI
SK-048,ACL
SK-059,CUI
SK-109,MOY
SK-115,EUO
SK-116,PRE
SK-120,SQE
SK-131,TAU
SK-144,AYC
SK-154,DZI
SK-174,DZI
SK-183,SJH
SK-189,BHF
SK-193,GGL
SK-197,UNC
SK-198,AYA
SK-209,NBB
SK-217,MND
SK-223,NAD
SK-236,GCA
SK-245,SRO
SK-272,BAC
SK-277,CQT
SK-284,ELJ
SK-307,LMC
SK-348,SOH
SK-354,URI
SK-360,ECR
SK-365,MQR
SK-367,ISD
SK-392,AZT
SK-422,HRR
SK-442,SQB
SK-462,LPE
SK-471,ARF
SK-481,MFB
SK-482,MHF
SK-511,CSR
SK-521,LPE
SKAC,ACR
SKAD,ACD
SKAM,AFI
SKAN,ADN
SKAP,API
SKAR,AXM
SKAS,PUU
SKBC,ELB
SKBG,BGA
SKBO,BOG
SKBQ,BAQ
SKBS,BSC
SKBU,BUN
SKCA,CPB
SKCC,CUC
SKCD,COG
SKCG,CTG
SKCI,CCO
SKCL,CLO
SKCM,CIM
SKCN,RAV
SKCO,TCO
SKCR,CUO
SKCU,CAQ
SKCV,CVE
SKCZ,CZU
SKEB,EBG
SKEJ,EJA
SKFL,FLA
SKFU,FDA
SKGA,LGT
SKGI,GIR
SKGO,CRC
SKGP,GPI
SKHA,CPL
SKHC,HTZ
SKIB,IBE
SKIG,IGO
SKIP,IPI
SKJ,SKJ
SKLC,APO
SKLG,LQM
SKLM,MCJ
SKLP,LPD
SKLT,LET
SKMD,EOH
SKMF,MFS
SKMG,MGN
SKML,MTB
SKMR,MTR
SKMU,MVP
SKMZ,MZL
SKNC,NCI
SKNQ,NQU
SKNV,NVA
SKOC,OCV
SKOE,ORC
SKOT,OTU
SKPC,PCR
SKPD,PDA
SKPE,PEI
SKPI,PTX
SKPL,PLT
SKPN,NAR
SKPP,PPN
SKPQ,PAL
SKPR,PBE
SKPS,PSO
SKPV,PVA
SKPZ,PZA
SKQU,MQU
SKRG,MDE
SKRH,RCH
SKSA,RVE
SKSJ,SJE
SKSL,SSL
SKSM,SMR
SKSO,SOX
SKSP,ADZ
SKSR,SRS
SKSV,SVI
SKTB,TIB
SKTD,TDA
SKTL,TLU
SKTM,TME
SKTQ,TQS
SKTU,TRB
SKUC,AUC
SKUI,UIB
SKUL,ULQ
SKUR,URR
SKVG,VGZ
SKVL,PYA
SKVP,VUP
SKVV,VVC
SKYA,AYG
SKYP,EYP
SLAG,MHW
SLAP,APB
SLAS,ASC
SLBJ,BJO
SLCA,CAM
SLCB,CBB
SLCH,CCA
SLCO,CIJ
SLCP,CEP
SLET,SRZ
SLGY,GYA
SLHJ,BVK
SLJ,SLJ
SLJE,SJS
SLJO,SJB
SLJV,SJV
SLLP,LPB
SLMG,MGD
SLOR,ORU
SLPO,POI
SLPR,PUR
SLPS,PSZ
SLRA,SRD
SLRB,RBO
SLRI,RIB
SLRY,REY
SLSA,SBL
SLSB,SRJ
SLSI,SNG
SLSM,SNM
SLSR,SRB
SLSU,SRE
SLTI,MQK
SLTJ,TJA
SLTR,TDD
SLUY,UYU
SLVG,VAH
SLVM,VLM
SLVR,VVI
SLYA,BYC
SMBN,ABN
SMCO,TOT
SMDA,DRJ
SMH,SMH
SMJP,PBM
SMMO,MOJ
SMNI,ICK
SMP,SMP
SMPA,OEM
SMST,SMZ
SMWA,AGI
SMZO,ORG
SNAI,APY
SNAL,APQ
SNAR,AMJ
SNAX,AIF
SNBC,BDC
SNBL,BVM
SNBR,BRA
SNBS,BSS
SNBU,BMS
SNBX,BQQ
SNCP,CTP
SNCU,CPU
SNCX,QCH
SNDC,RDC
SNDN,LEP
SNDT,DTI
SNDV,DIQ
SNED,CNV
SNFX,SXX
SNGA,GUZ
SNGD,GDP
SNGI,GNM
SNGN,QGP
SNHA,ITN
SNIC,IRE
SNIG,QIG
SNIP,QIT
SNIU,IPU
SNJB,JCM
SNJD,FEC
SNJK,JEQ
SNJN,JNA
SNJR,JDR
SNKE,CMP
SNKI,CDI
SNKN,QCP
SNLO,SSO
SNMA,MTE
SNMU,MVS
SNMX,SBJ
SNMZ,PTQ
SNNU,NNU
SNOS,PSW
SNOU,FEJ
SNOX,ORX
SNPC,PCS
SNPD,POJ
SNPX,PIV
SNQ,SNQ
SNQG,FLB
SNRD,PDF
SNRU,CAU
SNSW,SFK
SNTF,TXF
SNTI,OBI
SNTO,TFL
SNVB,VAL
SNVI,QID
SNVS,BVS
SNWC,CMC
SNYE,PHI
SNYH,ITI
SNYW,GMS
SNZA,PPY
SNZW,ITE
SO-BXX,BXX
SO-GTA,GTA
SOA,SOA
SOCA,CAY
SOGS,GSI
SOI,SOI
SOOA,MPY
SOOG,OYP
SOOM,LDX
SOOR,REI
SOOS,XAU
SOR,SOR
SPAO,APE
SPAR,ALD
SPAS,AOP
SPBB,MBP
SPBL,BLP
SPBR,IBP
SPCL,PCL
SPDR,TDP
SPEO,CHM
SPGM,TGI
SPHI,CIX
SPHO,AYP
SPHY,ANS
SPHZ,ATA
SPIL,UMI
SPIM,LIM
SPIZ,UCZ
SPJA,RIJ
SPJE,JAE
SPJI,JJI
SPJJ,JAU
SPJL,JUL
SPJN,SJA
SPJR,CJA
SPLN,RIM
SPLO,ILQ
SPME,TBP
SPMF,MZA
SPMR,SMG
SPMS,YMS
SPNC,HUU
SPOA,SQU
SPPY,CHH
SPQT,IQT
SPQU,AQP
SPRU,TRU
SPSO,PIO
SPST,TPP
SPSY,SYC
SPTN,TCQ
SPTU,PEM
SPUR,PIU
SPYL,TYL
SPZA,NZC
SPZO,CUZ
SQD,SQD
SQJ,SQJ
SQT,SQT
SR-AAJ,AAJ
SR-KCB,KCB
SRF,SRF
SRL,SRL
SRM,SRM
SRU,SRU
SRV,SRV
SSAK,CZB
SSAP,APU
SSBG,BGV
SSBL,BNU
SSCK,CCI
SSCL,CSS
SSCN,QCN
SSCP,CKO
SSDO,DOU
SSER,ERM
SSFB,FBE
SSGY,QGA
SSHZ,HRZ
SSIJ,IJU
SSIQ,ITQ
SSJA,JCB
SSKM,CBW
SSKS,QDB
SSKU,QCR
SSKW,OAL
SSLN,LOI
SSLT,ALQ
SSMF,QMF
SSNG,QGF
SSNH,QHV
SSOE,SQX
SSOG,APX
SSPB,PTO
SSPG,PNG
SSPI,PVI
SSPN,PBB
SSQT,QAC
SSRU,SQY
SSS,SSS
SSSB,QOJ
SSSC,CSU
SSTL,TJL
SSU,SSU
SSUM,UMU
SSUO,ZFU
SSV,SSV
SSVI,VIA
SSVP,CTQ
SSVR,QVR
SSXX,AXE
SSYA,AAG
SSZR,SRA
SSZW,PGZ
SUAG,ATI
SUBU,BUV
SUCA,CYR
SUDU,DZO
SULS,PDP
SUMO,MLZ
SUMU,MVD
SUPU,PDU
SURV,RVY
SUSO,STY
SUTB,TAW
SUTR,TYT
SUVO,VCH
SUZ,SUZ
SVAC,AGV
SVAN,AAO
SVAS,LPJ
SVBC,BLA
SVBI,BNS
SVBM,BRM
SVBS,MYC
SVCB,CBL
SVCD,CXA
SVCE,ZRZ
SVCG,CUV
SVCL,CLZ
SVCN,CAJ
SVCO,VCR
SVCP,CUP
SVCR,CZE
SVCU,CUM
SVDZ,PPZ
SVED,EOR
SVEZ,EOZ
SVGD,GDO
SVGI,GUI
SVGU,GUQ
SVHG,HGE
SVIC,ICA
SVIE,ICC
SVJC,LSP
SVKA,KAV
SVLF,LFR
SVMC,MAR
SVMD,MRD
SVMG,PMV
SVMI,CCS
SVMT,MUN
SVON,CBS
SVPA,PYH
SVPC,PBL
SVPE,PDZ
SVPH,PPH
SVPM,SCI
SVPR,PZO
SVPT,PTM
SVRS,LRV
SVS,SVS
SVSA,SVZ
SVSB,SBB
SVSE,SNV
SVSO,STD
SVSP,SNF
SVSR,SFD
SVST,SOM
SVSZ,STB
SVTC,TUV
SVTM,TMO
SVUM,URM
SVVA,VLN
SVVG,VIG
SVVL,VLV
SVVP,VDP
SWBC,BAZ
SWBG,LCB
SWBR,RBB
SWCA,CAF
SWCQ,CQS
SWDM,DMT
SWDN,DNO
SWE,SWE
SWEI,ERN
SWEK,CQA
SWFX,SXO
SWG,SWG
SWGI,GRP
SWGN,AUX
SWHT,HUW
SWII,IPG
SWIY,IDO
SWJI,JPR
SWJN,JIA
SWJU,JRN
SWJW,JTI
SWKC,CCX
SWKO,CIZ
SWKT,TLZ
SWLB,LBR
SWLC,RVD
SWMW,MBZ
SWNA,NVP
SWNI,AQM
SWNK,BCR
SWNQ,NQL
SWNS,APS
SWOB,FBA
SWPG,PBV
SWPI,PIN
SWPM,PBQ
SWPQ,PBX
SWR,SWR
SWRA,AAI
SWRD,ROO
SWRP,AIR
SWSI,OPS
SWST,STZ
SWTP,IRZ
SWTS,TGQ
SWTU,AZL
SWTY,QHN
SWUA,SQM
SWVB,MTG
SWVC,VLP
SWXM,MBK
SWXV,NOK
SXH,SXH
SXP,SXP
SYAH,AHL
SYAN,NAI
SYB,SYB
SYBR,BMJ
SYBT,GFO
SYCJ,GEO
SYF,SYF
SYGO,OGL
SYIB,IMB
SYKM,KAR
SYKR,KRM
SYKS,KRG
SYKT,KTO
SYKZ,KKG
SYL,SYL
SYLP,LUB
SYLT,LTM
SYMB,USI
SYMD,MHA
SYMK,VEG
SYMM,MYM
SYMR,MWJ
SYN,SYN
SYNA,QSX
SYOR,ORJ
SYPM,PMT
SYPR,PRR
SYSC,SDC
SYSK,SKM
SZN,SZN
SZP,SZP
TAA,TAA
TAPA,ANU
TAPH,BBQ
TBA,TBA
TBE,TBE
TBPB,BGI
TBQ,TBQ
TBV,TBV
TCK,TCK
TCT,TCT
TDB,TDB
TDCF,DCF
TDPD,DOM
TDS,TDS
TEO,TEO
TFB,TFB
TFFA,DSD
TFFB,BBR
TFFC,SFC
TFFF,FDF
TFFG,SFG
TFFJ,SBH
TFFM,GBJ
TFFR,PTP
TFFS,LSS
TFY,TFY
TGL,TGL
TGPY,GND
TGPZ,CRU
THW,THW
TIG,TIG
TIST,STT
TISX,STX
TJAB,ARE
TJBQ,BQN
TJC,TJC
TJCG,VQS
TJCP,CPX
TJFA,FAJ
TJIG,SIG
TJMZ,MAZ
TJPS,PSE
TJRV,NRR
TJSJ,SJU
TJVQ,VQS
TKE,TKE
TKL,TKL
TKPK,SKB
TKPN,NEV
TLP,TLP
TLPC,SLU
TLPL,UVF
TLT,TLT
TN-0002,NBE
TNCA,AUA
TNCB,BON
TNCC,CUR
TNCE,EUX
TNCM,SXM
TNCS,SAB
TNW,TNW
TOK,TOK
TPO,PTA
TPT,TPT
TQPF,AXA
TR-0017,BGG
TR-0025,OGU
TR-0026,IGD
TR-0043,IST
TRPG,MNI
TSG,TSG
TSI,TSI
TSK,TSK
TTCP,TAB
TTPP,POS
TTW,TTW
TUE,TUE
TUJ,TUJ
TUPA,NGD
TUPJ,EIS
TUPW,VIJ
TUT,TUT
TUZ,BR-
TVSA,SVD
TVSB,BQU
TVSC,CIW
TVSM,MQS
TVSU,UNI
TVSV,SVD
TW-0002,DSX
TW-CMJ,CMJ
TWH,TWH
TXKF,BDA
TYE,TYE
TZ-GIT,GIT
TZ-LUY,LUY
U41,DBS
UA-0049,MXR
UA-0050,KHU
UAAA,ALA
UAAH,BXH
UAAR,BXJ
UACC,TSE
UACK,KOV
UACP,PPK
UADD,DMB
UAE,UAE
UAFL,IKU
UAFM,FRU
UAFO,OSS
UAII,CIT
UAKD,DZN
UAKK,KGF
UAOO,KZO
UARR,URA
UASB,EKB
UASE,SZI
UASK,UKK
UASP,PWQ
UASS,PLX
UATE,SCO
UATG,GUW
UATT,AKX
UAUR,AYK
UAUU,KSN
UBBB,GYD
UBBG,KVD
UBBL,LLK
UBBN,NAJ
UBBQ,GBB
UBBY,ZTU
UBEE,YLV
UBI,UBI
UDSG,LWN
UDYZ,EVN
UEBB,BQJ
UEBS,SUK
UEBT,UKG
UECT,TLK
UEEA,ADH
UEEE,YKS
UELL,NER
UEMA,MQJ
UEMM,GYG
UEMO,OLZ
UEMT,USR
UEMU,UMS
UENI,VHV
UENN,NYR
UENS,SUY
UENW,VYI
UERL,ULK
UERO,ONK
UERP,PYJ
UERR,MJZ
UERS,SYS
UESG,BGN
UESK,SEK
UESO,CKH
UESS,CYX
UEST,IKS
UESU,ZKP
UG-OYG,OYG
UGB,UGB
UGKO,KUT
UGSB,BUS
UGSS,SUI
UGTB,TBS
UHBB,BQS
UHBI,GDG
UHBW,TYD
UHHH,KHV
UHKK,KXK
UHKM,GVN
UHMA,DYR
UHMD,PVS
UHMM,GDX
UHMO,KVM
UHMP,PWE
UHNB,BQG
UHNN,NLI
UHOO,OHO
UHPP,PKC
UHSB,BVV
UHSH,OHH
UHSI,ITU
UHSK,EKS
UHSM,DEE
UHSO,ZZO
UHSS,UUS
UHTG,AEM
UHTQ,ETL
UHWE,EDN
UHWK,KVR
UHWP,TLY
UHWT,NEI
UHWW,VVO
UIAA,HTA
UIBB,BTK
UIBS,UIK
UIII,IKT
UIKB,ODO
UIKE,ERG
UIKK,KCK
UITT,UKX
UIUU,UUD
UJAP,UJE
UJN,UJN
UKBB,KBP
UKCC,DOK
UKCK,KRQ
UKCM,MPW
UKCS,SEV
UKCW,VSG
UKDB,ERD
UKDD,DNK
UKDE,OZH
UKDR,KWG
UKFB,UKS
UKFF,SIP
UKFK,KHC
UKH,UKH
UKHH,HRK
UKHP,PLV
UKHS,UMY
UKKE,CKC
UKKG,KGO
UKKK,IEV
UKKM,GML
UKKV,ZTR
UKLC,UCK
UKLH,HMJ
UKLI,IFO
UKLL,LWO
UKLN,CWC
UKLR,RWN
UKLU,UDJ
UKOH,KHE
UKON,NLV
UKOO,ODS
UKRR,CEJ
UKWW,VIN
ULAA,ARH
ULAL,LDG
ULAM,NNM
ULAS,CSH
ULBC,CEE
ULDD,AMV
ULDW,VRI
ULH,ULH
ULKK,KSZ
ULLI,LED
ULMK,KVK
ULMM,MMK
ULNN,NVR
ULOL,VLU
ULOO,PKV
ULPB,PES
ULSS,RVH
ULWW,VGD
UMBB,BQT
UMGG,GME
UMII,VTB
UMKK,KGD
UMMG,GNA
UMMM,MHP
UMMS,MSQ
UMOO,MVQ
UNAA,ABA
UNBB,BAX
UNBG,RGK
UNEE,KEJ
UNII,EIE
UNIP,TGP
UNKL,KJA
UNKS,ACS
UNKY,KYZ
UNNT,OVB
UNOO,OMS
UNSS,SWT
UNTT,TOF
UNWW,NOZ
UODD,DKS
UOHH,HTG
UOII,IAA
UOOO,NSK
UOTT,THX
URB,URB
URKA,AAQ
URKE,EIK
URKG,GDZ
URKK,KRR
URML,MCX
URMM,MRV
URMN,NAL
URMO,OGZ
URMS,IGT
URMT,STW
URRP,ROV
URRR,RVI
URRT,TGK
URRY,VLK
URSS,AER
URWA,ASF
URWI,ESL
URWW,VOG
US-0133,AHT
US-0370,BNH
US-0571,XWA
US-0F3,RTL
US-BPA,BPA
USCC,CEK
USCM,MQF
USDA,SBT
USDD,SLY
USDK,YMK
USDP,KKQ
USDS,TQL
USDU,UEN
USHB,EZV
USHH,HMA
USHI,IRM
USHN,NYA
USHS,OVS
USHU,URJ
USHY,EYK
USII,IJK
USKK,KVX
USMM,NYM
USMU,NUX
USNN,NJC
USNR,RAT
USO,USO
USPP,PEE
USRK,KGP
USRN,NFG
USRO,NOJ
USRR,SGC
USSS,SVX
USTO,TOX
USTR,TJM
USUU,KRO
UT1H,BKN
UT25,GMV
UTAA,ASB
UTAK,KRW
UTAM,MYP
UTAT,TAZ
UTAV,CRZ
UTDD,DYU
UTDK,TJU
UTDL,LBD
UTDT,KQT
UTKA,AZN
UTKF,FEG
UTKN,NMA
UTNN,NCU
UTNU,UGC
UTSA,NVI
UTSB,BHK
UTSL,KSQ
UTSN,AFS
UTSS,SKD
UTST,TMJ
UTTT,TAS
UTU,UTU
UUBA,KMW
UUBB,BKA
UUBC,KLF
UUBI,IWA
UUBK,RYB
UUBP,BZK
UUBW,ZIA
UUDD,DME
UUDL,IAR
UUEE,SVO
UUEM,KLD
UUMO,OSF
UUMU,CKL
UUOB,EGO
UUOK,URS
UUOL,LPK
UUOO,VOZ
UUOR,OEL
UUOT,TBW
UUU,UUU
UUWR,RZN
UUWV,TYA
UUWW,VKO
UUYH,UCT
UUYI,INA
UUYP,PEX
UUYS,USK
UUYW,VKT
UUYX,UTS
UUYY,SCW
UWGG,GOJ
UWKB,UUA
UWKD,KZN
UWKE,NBC
UWKJ,JOK
UWKS,CSY
UWKV,ZIX
UWLL,ULV
UWLW,ULY
UWOO,REN
UWOR,OSW
UWPP,PEZ
UWPS,SKX
UWSB,BWO
UWSS,RTW
UWUB,BCX
UWUF,NEF
UWUK,OKT
UWUU,UFA
UWWW,KUF
UZM,UZM
UZR,UZR
VA1G,REW
VA1P,DIU
VAAH,AMD
VAAK,AKD
VAAU,IXU
VABB,BOM
VABI,PAB
VABJ,BHJ
VABM,IXG
VABO,BDQ
VABP,BHO
VABV,BHU
VADN,NMB
VAGN,GUX
VAGO,GOI
VAHB,HBX
VAID,IDR
VAJB,JLR
VAJM,JGA
VAKE,IXY
VAKJ,HJR
VAKP,KLH
VAKS,IXK
VAND,NDC
VANP,NAG
VAOZ,ISK
VAPO,PNQ
VAPR,PBD
VARG,RTC
VARK,RAJ
VARP,RPR
VASD,SAG
VASL,SSE
VASU,STV
VAUD,UDR
VCBI,CMB
VCCA,ACJ
VCCB,BTC
VCCC,RML
VCCG,ADP
VCCH,HIM
VCCJ,JAF
VCCK,KCT
VCCN,KTY
VCCS,GIU
VCCT,TRR
VCCW,WRZ
VCRI,HRI
VDBG,BBM
VDKH,KZC
VDKK,KKZ
VDKT,KTI
VDMK,MWV
VDPP,PNH
VDRK,RBE
VDSR,REP
VDST,TNX
VDSV,KOS
VDSY,KZD
VE-0095,ELX
VE-0114,LGY
VE-0204,ZRZ
VE-0205,KTV
VE-0206,LAG
VE-0207,SFX
VE-0208,SVV
VE-0209,WOK
VEAN,IXV
VEAT,IXA
VEBD,IXB
VEBG,RGH
VEBI,SHL
VEBS,BBI
VECC,CCU
VECO,COH
VEDB,DBD
VEDG,RDP
VEDZ,DEP
VEGK,GOP
VEGT,GAU
VEGY,GAY
VEIM,IMF
VEJP,PYB
VEJS,IXW
VEJT,JRH
VEKM,IXQ
VEKR,IXH
VEKU,IXS
VEKW,IXN
VELP,AJL
VELR,IXI
VEMH,LDA
VEMN,DIB
VEMR,DMU
VEMZ,MZU
VEPG,IXT
VEPT,PAT
VERC,IXR
VERK,RRK
VERU,RUP
VETZ,TEZ
VEVZ,VTZ
VEZO,ZER
VGBR,BZL
VGCB,CXB
VGCM,CLA
VGEG,CGP
VGIS,IRD
VGJR,JSR
VGLM,LLJ
VGRJ,RJH
VGSD,SPD
VGSG,TKR
VGSH,ZHM
VGSY,ZYL
VGZR,DAC
VHHH,HKG
VHHX,HKG
VHST,HHP
VI22,SPB
VI32,SSB
VIAG,AGR
VIAL,IXD
VIAR,ATQ
VIAX,AIP
VIB,VIB
VIBK,BKB
VIBN,VNS
VIBR,KUU
VIBT,BUP
VIBY,BEK
VICG,IXC
VICX,KNU
VIDN,DED
VIDP,DEL
VIGG,DHM
VIGR,GWL
VIHR,HSS
VIJO,JDH
VIJP,JAI
VIJR,JSA
VIJU,IXJ
VIKG,KQH
VIKO,KTU
VILD,LUH
VILH,IXL
VILK,LKO
VIPK,IXP
VIPT,PGH
VISM,SLV
VISR,SXR
VIST,TNI
VIV,VIV
VJQ,VJQ
VLAP,AOU
VLHS,HOE
VLLB,LPQ
VLLN,LXG
VLOS,ODY
VLPS,PKZ
VLSB,ZBY
VLSK,ZVK
VLSN,NEU
VLSV,VNA
VLTK,THK
VLVT,VTE
VLXK,XKH
VLXL,XIE
VMI,VMI
VMMC,MFM
VN-0001,VDH
VN-KON,KON
VNBG,BJH
VNBJ,BHP
VNBL,BGL
VNBP,BHR
VNBR,BJU
VNBT,BIT
VNBW,BWA
VNCG,BDP
VNDG,DNP
VNDH,DHI
VNDL,DAP
VNDP,DOP
VNDT,SIH
VNGK,GKH
VNJI,JIR
VNJL,JUM
VNJP,JKR
VNJS,JMO
VNKT,KTM
VNLD,LDN
VNLK,LUA
VNLT,LTG
VNMA,NGX
VNMG,MEY
VNMN,XMG
VNNG,KEP
VNPK,PKR
VNPL,PPL
VNRB,RJB
VNRC,RHP
VNRK,RUK
VNRP,RPA
VNRT,RUM
VNSB,SYH
VNSI,SIF
VNSK,SKH
VNSR,FEB
VNST,IMK
VNTJ,TPJ
VNTP,TPU
VNTR,TMI
VNVT,BIR
VO55,LTU
VO80,TCR
VOAT,AGX
VOBI,BEP
VOBL,BLR
VOBZ,VGA
VOCB,CJB
VOCI,COK
VOCL,CCJ
VOCP,CDP
VOCX,CBD
VOHS,HYD
VOHY,BPM
VOKN,CNN
VOMD,IXM
VOML,IXE
VOMM,MAA
VOMY,MYQ
VOPB,IXZ
VOPC,PNY
VOPN,PUT
VORG,RMD
VORY,RJA
VOSM,SXV
VOTJ,TJV
VOTP,TIR
VOTR,TRZ
VOTV,TRV
VOWA,WGC
VQ10,YON
VQBT,BUT
VQGP,GLU
VQPR,PBH
VREI,IFU
VRMD,DRV
VRMF,FVM
VRMG,GAN
VRMH,HAQ
VRMK,KDO
VRMM,MLE
VRMO,GKK
VRMT,KDM
VRMU,DDD
VRMV,VAM
VRNT,TMF
VTBD,DMK
VTBH,KKM
VTBK,KDT
VTBO,TDX
VTBS,BKK
VTBU,UTP
VTCC,CNX
VTCH,HGN
VTCI,PYY
VTCL,LPT
VTCN,NNT
VTCP,PRH
VTCT,CEI
VTED,BAO
VTPB,PHY
VTPH,HHQ
VTPI,TKH
VTPM,MAQ
VTPO,THS
VTPP,PHS
VTPT,TKT
VTPU,UTR
VTSB,URT
VTSC,NAW
VTSE,CJM
VTSF,NST
VTSG,KBV
VTSH,SGZ
VTSK,PAN
VTSM,USM
VTSP,HKT
VTSR,UNN
VTSS,HDY
VTST,TST
VTUD,UTH
VTUI,SNO
VTUJ,PXR
VTUK,KKC
VTUL,LOE
VTUO,BFV
VTUQ,NAK
VTUU,UBP
VTUV,ROI
VTUW,KOP
VUU,VUU
VVBM,BMV
VVCA,VCL
VVCI,HPH
VVCM,CAH
VVCR,CXR
VVCS,VCS
VVCT,VCA
VVDB,DIN
VVDL,DLI
VVDN,DAD
VVN,VVN
VVNB,HAN
VVNS,SQH
VVNT,NHA
VVPB,HUI
VVPC,UIH
VVPK,PXU
VVPQ,PQC
VVPR,PHA
VVPT,PHH
VVRG,VKG
VVTH,TBB
VVTS,SGN
VVTX,THD
VVVD,VDO
VVVH,VII
VVVT,VTG
VYAN,VBA
VYBG,NYU
VYBM,BMO
VYBP,VBP
VYDW,TVY
VYEL,NYT
VYGG,GAW
VYGW,GWA
VYHH,HEH
VYHL,HOX
VYHN,TIO
VYKG,KET
VYKI,KHM
VYKL,KMV
VYKP,KYP
VYKT,KAW
VYKU,KYT
VYLK,LIW
VYLS,LSH
VYMD,MDL
VYME,MGZ
VYMK,MYT
VYMM,MNU
VYMN,MGU
VYMO,MOE
VYMS,MOG
VYMT,MGK
VYMW,MWQ
VYMY,NYW
VYNS,NMS
VYNT,NMT
VYPA,PAA
VYPK,PAU
VYPN,BSX
VYPP,PPU
VYPT,PBU
VYPU,PKK
VYPY,PRU
VYSW,AKY
VYTD,SNW
VYTL,THL
VYYE,XYE
VYYY,RGN
W33,FBS
W49,RSJ
W55,LKE
WA09,RCE
WA44,TQQ
WA83,WSX
WAAA,UPG
WAAJ,MJU
WAB,WAB
WABB,BIK
WABD,ONI
WABG,WET
WABI,NBX
WABL,ILA
WABN,KOX
WABO,ZRI
WABP,TIM
WABT,EWI
WAD,WAD
WADA,AMI
WADB,BMU
WADD,DPS
WADL,LOP
WADS,SWQ
WADT,TMC
WADW,WGP
WAFD,LLO
WAHI,YIA
WAJA,ARJ
WAJB,BUI
WAJI,ZRM
WAJJ,DJJ
WAJL,LHI
WAJM,LII
WAJO,OKL
WAJR,WAR
WAJS,SEH
WAJU,UBR
WAJW,WMX
WAKD,MDP
WAKE,BXD
WAKK,MKQ
WAKO,OKQ
WAKP,KEI
WAKT,TMH
WALG,TJS
WALJ,DTD
WALK,BEJ
WALL,BPN
WALR,TRK
WALT,TSX
WALV,BYQ
WAMA,GLX
WAME,PGQ
WAMG,GTO
WAMH,NAH
WAMI,TLI
WAMJ,GEB
WAMK,KAZ
WAML,PLW
WAMM,MDC
WAMN,MNA
WAMP,PSJ
WAMR,OTI
WAMT,TTE
WAMW,LUW
WAMY,UOL
WAN,WAN
WAOC,BTW
WAOI,PKN
WAOK,KBU
WAON,TJG
WAOO,BDJ
WAOP,PKY
WAOS,SMQ
WAPA,AHI
WAPC,NDA
WAPD,DOB
WAPE,MAL
WAPG,NRE
WAPH,LAH
WAPI,SXK
WAPK,BJK
WAPL,LUV
WAPN,SQN
WAPP,AMQ
WAPR,NAM
WAPT,TAX
WAPV,WBA
WARA,MLG
WARC,CPF
WARJ,JOG
WARQ,SOC
WARR,SUB
WARS,SRG
WART,SUP
WARU,KWB
WASB,NTI
WASC,RSK
WASE,KEQ
WASF,FKQ
WASI,INX
WASK,KNG
WASM,RDE
WASO,BXB
WASR,MKW
WAST,TXM
WASW,WSR
WATB,BJW
WATC,MOF
WATE,ENE
WATG,RTG
WATM,ARD
WATO,LBJ
WATT,KOE
WAWB,BUW
WAWH,KSR
WAWM,MXB
WAWS,SQR
WAWT,TTR
WAWW,KDI
WAXX,SOQ
WBB,WBB
WBC,WBC
WBGB,BTU
WBGC,BLG
WBGD,LSM
WBGF,LGL
WBGG,KCH
WBGI,ODN
WBGJ,LMN
WBGK,MKM
WBGL,LKH
WBGM,MUR
WBGN,BSE
WBGP,KPI
WBGQ,BKM
WBGR,MYY
WBGS,SBW
WBGT,TGC
WBGU,LSU
WBGW,LWY
WBGY,SGG
WBGZ,BBN
WBKA,SMM
WBKD,LDU
WBKE,TEL
WBKG,KGU
WBKH,SXS
WBKK,BKI
WBKL,LBU
WBKM,TMG
WBKN,GSA
WBKO,SPE
WBKP,PAY
WBKR,RNU
WBKS,SDK
WBKT,KUD
WBKW,TWU
WBMU,MZV
WBSB,BWN
WEA,WEA
WED,WED
WGU,WGU
WGY,WGY
WHL,WHL
WI1A,CJN
WIBB,PKU
WIBD,DUM
WIBR,RKO
WIBS,SEQ
WIBT,TJB
WICC,BDO
WICD,CBN
WICM,TSY
WID,WID
WIDD,BTH
WIDE,PPR
WIDN,TNJ
WIDS,SIQ
WIHH,HLP
WIHL,CXP
WIHP,PCB
WIII,CGK
WILL,TKG
WIMB,GNS
WIME,AEG
WIMK,MES
WIMM,KNO
WIMN,DTB
WIMP,SIW
WIMS,FLZ
WIOD,TJQ
WIOG,NPO
WIOK,KTG
WIOM,MWK
WION,NTX
WIOO,PNK
WIOP,PSU
WIOS,SQG
WIPA,DJB
WIPI,BUU
WIPK,PGK
WIPL,BKS
WIPP,PLM
WIPQ,PDO
WIPR,RGT
WIPT,PDG
WIPU,MPC
WIPV,KLQ
WITA,TPK
WITB,SBG
WITC,MEQ
WITL,LSX
WITM,LSW
WITT,BTJ
WJBK,JBK
WMAN,SXT
WMAU,MEP
WMBA,SWY
WMBI,TPG
WMBT,TOD
WMKA,AOR
WMKB,BWH
WMKC,KBR
WMKD,KUA
WMKE,KTE
WMKI,IPH
WMKJ,JHB
WMKK,KUL
WMKL,LGK
WMKM,MKZ
WMKN,TGG
WMKP,PEN
WMPA,PKG
WMPR,RDN
WMSA,SZB
WN07,DTR
WNU,WNU
WPAT,AUT
WPDB,UAI
WPDL,DIL
WPEC,BCH
WPMN,MPT
WPOC,OEC
WPVQ,VIQ
WRKA,ABU
WRKL,LKA
WRKR,RTI
WRKS,SAU
WRLA,SGQ
WRLB,LBW
WRLC,BXT
WRLF,NNX
WRLH,TNB
WRLP,LPU
WRLY,SZH
WSA,WSA
WSAP,QPG
WSAT,TGA
WSB,WSB
WSJ,UGI
WSM,WSM
WSSL,XSP
WSSS,SIN
WTT,WTT
WUV,WUV
WV66,GWV
WZQ,WZQ
X-TRPM,MNI
X44,MPB
XBB,XBB
XBN,XBN
XIG,XIG
XLO,XLO
XMA,XMA
XMUC,MUC
XNG,XNG
XRQ,XRQ
XUBS,LNX
XVL,XVL
Y01,UKN
YABA,ALH
YABI,ABG
YADS,AWN
YAGD,AUD
YAJ,YAJ
YALA,MRP
YALX,AXL
YAMC,AXC
YAMK,ADO
YAMM,AMX
YAMT,AMT
YANG,WLP
YANL,AYL
YAPH,ABH
YAQ,YAQ
YARA,ARY
YARG,GYL
YARM,ARM
YARY,AAB
YAUR,AUU
YAUS,AWP
YAUV,AVG
YAYE,AYQ
YAYR,AYR
YBAF,ACF
YBAM,ABM
YBAR,BCI
YBAS,ASP
YBAU,BDD
YBAW,BKP
YBBE,BBE
YBBN,BNE
YBCG,OOL
YBCK,BKQ
YBCS,CNS
YBCV,CTL
YBDF,BDW
YBDG,BXG
YBDV,BVI
YBEB,BXF
YBEO,BTX
YBGB,BEE
YBGD,OCM
YBGO,BQW
YBH,YBH
YBHI,BHQ
YBHM,HTI
YBIE,BEU
YBIL,BIW
YBIZ,BZP
YBJ,YBJ
YBKE,BRK
YBKT,BUC
YBLA,BLN
YBLC,LCN
YBLL,BLS
YBLN,BQB
YBMA,ISA
YBMC,MCY
YBMD,BFC
YBMK,MKY
YBNA,BNK
YBNS,BSJ
YBOI,GIC
YBOK,OKY
YBOU,BQL
YBPI,BMP
YBPN,PPP
YBQ,YBQ
YBRK,ROK
YBRL,BOX
YBRM,BME
YBRN,BZD
YBRU,BTD
YBRW,BWQ
YBRY,BYP
YBTH,BHS
YBTI,BRT
YBTL,TSV
YBTR,BLT
YBTV,BVW
YBUD,BDB
YBUN,BUY
YBWM,BIP
YBWN,ZBO
YBWP,WEI
YBWR,BCK
YBWW,WTB
YBWX,BWB
YBYS,BVZ
YCAC,CTR
YCAG,CGV
YCAH,CLH
YCAR,CVQ
YCAS,CSI
YCBA,CAZ
YCBB,COJ
YCBE,CBY
YCBN,CBI
YCBP,CPD
YCBR,CRB
YCCA,CCL
YCCT,CNC
YCCY,CNJ
YCDO,CBX
YCDR,CUD
YCDU,CED
YCEE,CVC
YCF,YCF
YCFD,CFI
YCFH,CFH
YCFL,CQP
YCGO,LLG
YCHB,CRH
YCHK,CKW
YCHT,CXT
YCIN,DCN
YCKI,CKI
YCKN,CTN
YCMT,CMQ
YCMU,CMA
YCMW,CML
YCNF,NIF
YCNK,CES
YCNM,CNB
YCOD,ODL
YCOE,CUQ
YCOI,CIE
YCOM,OOM
YCOO,CDA
YCOR,CWW
YCPN,CFP
YCRG,CYG
YCRK,CXQ
YCRY,CDQ
YCSV,KCE
YCTM,CMD
YCUA,CUG
YCUE,CUY
YCWA,CJF
YCWI,CWR
YCWL,CCW
YCWR,CWT
YCWY,COY
YDAJ,DJR
YDAY,DBY
YDBI,DRN
YDBR,DNB
YDBY,DRB
YDDF,DFP
YDGA,DGD
YDGN,DNG
YDIX,DXD
YDKI,DKI
YDLK,DLK
YDLQ,DNQ
YDLT,DDN
YDLV,DLV
YDLW,DYW
YDMG,DMD
YDMN,DVR
YDNI,NLF
YDOR,DRD
YDPD,DVP
YDPO,DPO
YDRA,DOX
YDRD,DRY
YDRH,DHD
YDRI,DRR
YDUN,SRR
YDVR,DKV
YDYS,DYA
YE-WDA,WDA
YECH,ECH
YECL,EUC
YEDA,ETD
YEEB,ENB
YEIN,EIH
YELD,ELC
YELK,EKD
YEML,EMD
YEQ,YEQ
YERL,EDD
YERN,ERB
YESE,ERQ
YESP,EPR
YEVA,EVD
YEVD,EVH
YEXM,EXM
YFBS,FRB
YFDF,KFE
YFIL,FLY
YFLI,FLS
YFLO,FVL
YFNE,FIK
YFRT,FOS
YFRV,FVR
YFST,FOT
YFTZ,FIZ
YGAM,GBP
YGAY,GAH
YGBI,GBL
YGDH,GUH
YGDI,GOO
YGDN,GDD
YGDS,GGD
YGDW,GTS
YGE,YGE
YGEL,GET
YGFN,GFN
YGIA,GBW
YGIB,GBV
YGKL,GKL
YGLA,GLT
YGLB,GUL
YGLE,GLG
YGLG,GEX
YGLI,GLI
YGLO,GLM
YGN,YGN
YGNF,GFE
YGNV,GVP
YGON,GPD
YGPT,GPN
YGSC,GSC
YGTE,GTE
YGTH,GFF
YGTN,GTT
YGTO,GEE
YGYM,GYP
YHAW,HWK
YHAY,HXX
YHBA,HVB
YHBR,HUB
YHBY,HRY
YHDY,HIP
YHHY,HIG
YHID,HID
YHIL,HLL
YHLC,HCQ
YHMB,HMG
YHML,HLT
YHOO,HOK
YHOT,MHU
YHPN,HTU
YHPV,HPE
YHSM,HSM
YHTL,HAT
YHUG,HGD
YIDK,IDK
YIFL,IFL
YIFY,IFF
YIGM,IGH
YIKM,IKP
YINJ,INJ
YINN,INM
YINW,IVW
YISF,ISI
YIVL,IVR
YJAB,JAB
YJDA,JUN
YJIN,QJD
YJLC,JCK
YJNB,JUR
YKAL,UBU
YKBL,KDB
YKBR,KAX
YKBY,KBY
YKCA,KBJ
YKCS,KCS
YKER,KRA
YKII,KNS
YKIR,KBB
YKKG,KFG
YKLA,KOH
YKLB,KKP
YKMB,KRB
YKML,KML
YKMP,KPS
YKNG,KNI
YKOW,KWM
YKPR,KPP
YKRY,KGY
YKSC,KGC
YKT,YKT
YKUB,KUG
YKUR,KRD
YLAH,LWH
YLEC,LGH
YLEO,LNO
YLEV,LEL
YLFD,LFP
YLHI,LDH
YLHR,IRG
YLHS,LTP
YLIM,LIB
YLIN,LDC
YLIS,LSY
YLKN,LNH
YLLE,BBL
YLND,LKD
YLOK,LOC
YLOR,LOA
YLOV,LTV
YLP,YLP
YLRA,LUU
YLRD,LHG
YLRE,LRE
YLRS,LUT
YLST,LER
YLTN,LVO
YLTV,TGN
YLZI,LZR
YMAA,UBB
YMAV,AVV
YMAY,ABX
YMBA,MRG
YMBL,MBB
YMCO,XMC
YMCR,MFP
YMCT,MLR
YMDG,DGE
YMDI,MQA
YMDS,MNW
YMEK,MKR
YMEN,MEB
YMER,MIM
YMEU,MLV
YMGB,MGT
YMGD,MNG
YMGN,GSN
YMGR,MGV
YMGT,MQZ
YMGV,MVU
YMHB,HBA
YMHO,MHO
YMHU,MCV
YMIA,MQL
YMIN,XML
YMIP,MIH
YMIT,MTQ
YMJM,MJP
YMLS,WLE
YMLT,LST
YMMB,MBW
YMMI,WUI
YMML,MEL
YMMU,MMM
YMND,MTL
YMNE,WME
YMNK,ONR
YMNS,MSF
YMNY,OXY
YMOG,MMG
YMOO,OOR
YMOR,MRZ
YMOT,MET
YMPA,MIN
YMQA,MQE
YMRB,MOV
YMRE,RRE
YMRW,MWB
YMRY,MYA
YMSF,MTD
YMTA,MIY
YMTB,UTB
YMTG,MGB
YMTI,ONG
YMTO,MNQ
YMUC,MUQ
YMUG,MNE
YMUI,MYI
YMUK,MVK
YMUP,MUP
YMVG,MKV
YMWA,MXU
YMWT,MWT
YMWX,MXD
YMYB,MBH
YMYT,RTY
YNAP,NMR
YNAR,NRA
YNBR,NAA
YNGU,RPM
YNHS,NBH
YNIC,NLS
YNKA,NKB
YNMN,NMP
YNPB,NPP
YNRC,NAC
YNRG,NRG
YNRM,QRM
YNRV,RVT
YNSH,NSV
YNSM,NSM
YNT,YNT
YNTN,NTN
YNUB,NUR
YNUL,NLL
YNUM,NUB
YNUT,UTD
YNWN,ZNE
YNYN,NYN
YOEN,OPI
YOI,YOI
YOLA,XCO
YOLD,OLP
YOLW,ONS
YOOD,ODD
YOOM,MOO
YORB,RBS
YORG,OAG
YORV,ODR
YOSB,OSO
YOUY,OYN
YPAD,ADL
YPAG,PUG
YPAM,PMK
YPBO,PBO
YPCC,CCK
YPDA,PDN
YPDI,PDE
YPDN,DRW
YPDO,PRD
YPEC,BEO
YPGV,GOV
YPIR,PPI
YPJT,JAD
YPKA,KTA
YPKG,KGI
YPKS,PKE
YPKT,PKT
YPKU,KNX
YPLC,PLO
YPLM,LEA
YPMH,PXH
YPMP,EDR
YPMQ,PQQ
YPNG,PEY
YPOD,PTJ
YPPD,PHE
YPPH,PER
YPSH,PEA
YPTN,KTR
YPWR,UMR
YPXM,XCH
YQDI,UIR
YQJ,YQJ
YQLP,ULP
YQNS,UEE
YRBR,RRV
YRC,YRC
YRD,YRD
YREN,RMK
YRMD,RCM
YRNG,RAM
YROB,ROH
YROE,RBU
YROI,RBC
YROM,RMA
YRRB,RPB
YRSB,RSB
YRTI,RTS
YRTP,RTP
YRYH,RHL
YSAN,NDS
YSBK,BWU
YSCB,CBR
YSCD,WCD
YSCH,CFS
YSCN,CDU
YSCO,NSO
YSCR,SQC
YSDU,DBO
YSGE,SGO
YSGT,SIX
YSGW,ZGL
YSHG,SGP
YSHK,MJK
YSHR,JHQ
YSHT,SHT
YSII,SBR
YSMI,SIO
YSMP,SHU
YSMR,STH
YSNB,SNB
YSNF,NLK
YSNW,NOA
YSPE,SNH
YSPK,SCG
YSPT,SHQ
YSPV,KSV
YSRI,XRH
YSRN,SRN
YSSY,SYD
YSTH,HLS
YSTI,STF
YSTW,TMW
YSVP,SSP
YSWG,WGA
YSWH,SWH
YSWL,SWC
YTAA,XTR
YTAB,TBL
YTAM,XTO
YTAR,TAQ
YTBF,PYX
YTBR,TBK
YTDR,TDR
YTEE,TQP
YTEF,TEF
YTEM,TEM
YTGA,TAN
YTGM,XTG
YTHD,TDN
YTHY,TYG
YTIB,TYB
YTKY,TKY
YTMO,PHQ
YTMU,TUM
YTMY,TYP
YTNB,TXR
YTNG,THG
YTNK,TCA
YTOC,TCW
YTRE,TRO
YTST,TTX
YTU,YTU
YTWB,TWB
YTY,YTY
YUDA,UDA
YUNY,CZY
YUSL,USL
YVRD,VCD
YVRS,VNR
YWAC,WAU
YWAL,WLA
YWAV,WAV
YWBL,WMB
YWBS,SYU
YWCA,WIO
YWCH,WLC
YWCK,WAZ
YWDA,WND
YWDG,WRN
YWDH,WNR
YWDL,WON
YWDV,MFL
YWGT,WGT
YWHA,WYA
YWHI,WSY
YWIT,WIT
YWKB,WKB
YWLG,WGE
YWLM,NTL
YWLU,WUN
YWMP,WPK
YWND,WDI
YWOL,WOL
YWOR,WLL
YWRN,QRR
YWSL,SXE
YWTL,WLO
YWTN,WIN
YWUD,WUD
YWWA,WEW
YWWG,WRW
YWWI,WWI
YWWL,WWY
YWYM,WYN
YWYY,BWT
YYA,YYA
YYAL,YLG
YYKI,OKR
YYLR,KYF
YYMI,XMY
YYND,YUE
YYNG,NGA
YYOR,ORR
YYTA,KYI
Z13,KKI
Z48,BCC
Z59,JBT
Z71,CZP
Z78,KBW
Z91,KBC
Z93,CZC
ZA-0021,HPR
ZA-0069,ULX
ZA-0072,TDT
ZA-0094,HZV
ZA-0095,KHO
ZA-0096,MBM
ZA-0097,INY
ZA-0098,TSD
ZA-0138,SSX
ZA-KIG,KIG
ZBAA,PEK
ZBAD,PKX
ZBCD,CDE
ZBCF,CIF
ZBCZ,CIH
ZBDH,BPE
ZBDS,DSN
ZBDT,DAT
ZBER,ERL
ZBES,YIE
ZBHD,HDG
ZBHH,HET
ZBHZ,HUO
ZBK,ZBK
ZBLA,HLD
ZBLF,LFQ
ZBLL,LLV
ZBMZ,NZH
ZBNY,NAY
ZBOW,BAV
ZBSJ,SJW
ZBTJ,TSN
ZBTL,TGO
ZBUC,UCB
ZBUH,WUA
ZBUL,HLH
ZBXH,XIL
ZBXT,XNT
ZBXZ,WUT
ZBYC,YCU
ZBYN,TYN
ZBYZ,RLK
ZBZL,NZL
ZDY,ZDY
ZEN,ZEN
ZGBH,BHY
ZGCD,CGD
ZGCJ,HJJ
ZGDY,DYG
ZGGG,CAN
ZGHA,CSX
ZGHC,HCJ
ZGHU,SHF
ZGHY,HNY
ZGKL,KWL
ZGLG,LLF
ZGMX,MXZ
ZGNN,NNG
ZGOW,SWA
ZGSD,ZUH
ZGSY,WGN
ZGSZ,SZX
ZGWZ,WUZ
ZGXN,XIN
ZGZH,LZH
ZGZJ,ZHA
ZHAY,AYN
ZHCC,CGO
ZHES,ENH
ZHGH,LHK
ZHHH,WUH
ZHLY,LYA
ZHNY,NNY
ZHSN,HPG
ZHSS,SHS
ZHSY,WDS
ZHXF,XFN
ZHYC,YIH
ZIZ,ZIZ
ZJHK,HAK
ZJQH,BAR
ZJSY,SYX
ZKPY,FNJ
ZKSD,DSO
ZKWS,WOS
ZLAK,AKA
ZLDH,DNH
ZLDL,HXD
ZLG,ZLG
ZLGM,GOQ
ZLGY,GYU
ZLHX,HTT
ZLHZ,HZG
ZLJN,JNG
ZLJQ,JGN
ZLLL,LHW
ZLLN,LNL
ZLQY,IQN
ZLSN,SIA
ZLXH,GXH
ZLXN,XNN
ZLXY,XIY
ZLYA,ENY
ZLYL,UYN
ZLZW,ZHY
ZMAH,AVK
ZMAT,LTI
ZMBH,BYN
ZMBN,UGA
ZMBR,UGT
ZMBS,HBU
ZMBU,UUN
ZMCD,COQ
ZMD,ZMD
ZMDN,ULZ
ZMDZ,DLZ
ZMHH,KHR
ZMHU,HJT
ZMKD,HVD
ZMMN,MXV
ZMTG,TSZ
ZMTL,TNZ
ZMUB,ULN
ZMUG,ULO
ZMUL,ULG
ZNC,ZNC
ZNU,ZNU
ZPCW,CWJ
ZPDL,DLU
ZPDQ,DIG
ZPJH,JHG
ZPJM,JMJ
ZPLJ,LJG
ZPLX,LUM
ZPPP,KMG
ZPSM,SYM
ZPWS,WNH
ZPZT,ZAT
ZSAM,XMN
ZSAQ,AQG
ZSBB,BFU
ZSCG,CZX
ZSCN,KHN
ZSFY,FUG
ZSFZ,FOC
ZSGZ,KOW
ZSHC,HGH
ZSJD,JDZ
ZSJJ,JIU
ZSJN,TNA
ZSJU,JUZ
ZSLD,LCX
ZSLG,LYG
ZSLQ,HYN
ZSLY,LYI
ZSNB,NGB
ZSNJ,NKG
ZSOF,HFE
ZSPD,PVG
ZSQD,TAO
ZSQZ,JJN
ZSRG,RUG
ZSRZ,RIZ
ZSSS,SHA
ZSSZ,SZV
ZSTX,TXN
ZSWF,WEF
ZSWH,WEH
ZSWU,WHU
ZSWX,WUX
ZSWY,WUS
ZSWZ,WNZ
ZSXZ,XUZ
ZSYA,YTY
ZSYC,YIC
ZSYN,YNZ
ZSYW,YIW
ZSZS,HSN
ZUAL,NGQ
ZUAS,AVA
ZUBD,BPX
ZUBJ,BFJ
ZUCK,CKG
ZUDC,DCY
ZUDX,DAX
ZUGH,GHN
ZUGU,GYS
ZUGY,KWE
ZUJZ,JZH
ZUKD,KGT
ZUKJ,KJH
ZULB,LLB
ZULP,LIA
ZULS,LXA
ZULZ,LZO
ZUMH,UNR
ZUMT,WMT
ZUMY,MIG
ZUNC,NAO
ZUNP,HZH
ZUNZ,LZY
ZUPS,LPF
ZUTC,TCZ
ZUTR,TEN
ZUUU,CTU
ZUWX,WXN
ZUXC,XIC
ZUYB,YBP
ZUYI,ACX
ZUZY,ZYI
ZWAK,AKU
ZWAX,BPL
ZWCM,IQM
ZWFY,FYN
ZWHM,HMI
ZWKC,KCA
ZWKL,KRL
ZWKM,KRY
ZWKN,KJI
ZWNL,NLT
ZWSC,QSZ
ZWSH,KHG
ZWSS,SXJ
ZWTC,TCG
ZWTN,HTN
ZWTP,TLQ
ZWWW,URC
ZWYN,YIN
ZYAS,AOG
ZYCC,CGQ
ZYCH,CNI
ZYCY,CHG
ZYDU,DTU
ZYFY,FYJ
ZYHB,HRB
ZYHE,HEK
ZYJL,JIL
ZYJM,JMU
ZYJS,JSJ
ZYJX,JXA
ZYJZ,JNZ
ZYLD,LDS
ZYLS,YUS
ZYMD,MDG
ZYMH,OHE
ZYQQ,NDG
ZYSQ,YSQ
ZYTL,DLC
ZYTN,TNH
ZYTX,SHE
ZYYJ,YNJ
ZYYK,YKH
